"title","category","bluesky","twitter","type","did"
"Simon H√•kansson",,"0fflinedocs.bsky.social","0fflinedocs","None","did:plc:wxbu6mbsvq32fjpehnuladrl"
"Reitse Eskens","data","2meterdba.bsky.social","@2meterdba","mvp","did:plc:uvzhf7yu2yv7ujyochhaj2lq"
"Greg Hurlman","businessapps","98.codes","","microsoft","did:plc:jxnyxsrxoqmeduuhehr77mme"
"Aimery Thomas","dev","a1mery.bsky.social","aimery_thomas","mvp","did:plc:72rop3lfkf3izilrojm3mu7g"
"Aaron Powell","dev","aaron-powell.com","slace","microsoft","did:plc:hpxcmmygu3v5lkasag3wk4kz"
"Andre van den Berg - MVP & WIMVP üá≥üá± üê±‚Äçüë§ üá∫üá¶","windows","aavdberg.bsky.social","aavdberg","mvp","did:plc:wysftjwwfchupb55uaeiih55"
"Abdul Kazi üçÅ","azure","abdulkazi.bsky.social","abdulkazi","mvp","did:plc:wldsg3hywgy4sj6upwe6symh"
"Nick Landry","dev","activenick.bsky.social","activenick","microsoft","did:plc:pvwdzhqxytn3xuy4cqdcbhsy"
"Adam Fowler",,"adamfowlerit.com","adamfowler_it","None","did:plc:7g6cex5lekaophtgykurpos2"
"Adam Gell",,"adamgell.bsky.social","adamgell","None","did:plc:fotpikp4szwpfp4bnnfxhxfa"
"Michael Washington","dotnet","adefwebserver.com","","mvp","did:plc:mjp2lenosijv5decc646uqcn"
"Adis Jugo","microsoft365","adisjugo.bsky.social","adisjugo","mvp","did:plc:hbqirqzlkgy6gtfptn33wojy"
"Adri√† Ariste","businessapps","adriaariste.bsky.social","","mvp","did:plc:4rxo7324bclct4knwwd325ne"
"Adrian Ritter","microsoft365","adrianritter.bsky.social","adrianritter","mvp","did:plc:v7kx5motqafs7gz35mtimkmf"
"Agnius Bartninkas","businessapps","agniusbartninkas.bsky.social","","mvp","did:plc:gwety6ocnkhyp6ux7jagoexq"
"H√•kan Silfvernagel","ai","agrevlis.bsky.social","agrevlis","mvp","did:plc:ods2jnnsjc6xok644d356f5o"
"Bernat Agull√≥","data","agullobernat.bsky.social","agullobernat","mvp","did:plc:v4p2vq5grcbjvpbajeyqpajy"
"Adrian Amos",,"ahamos.bsky.social","ahamos","None","did:plc:jbuckzlfzonlpjskenreri3p"
"Aidan Finn","azure","aidanfinn.bsky.social","joe_elway","mvp","did:plc:r3mqkhfctud4mwdbktxihnny"
"Andy Jaw","security","ajawzero.com","ajawzero","microsoft","did:plc:mkmbwsyxtdqbh6qvql3uw2y7"
"Anthony J. Fontanez",,"ajf8729.com","ajf8729","None","did:plc:7jtkrch3pryofkfdxlpgnatv"
"Andy Levy",,"alevyinroc.flxsql.com","alevyinroc","None","did:plc:p42kyuu6ybsuf77ad5uqhg2c"
"Aleksandar Nikoliƒá","azure","alexandair.bsky.social","alexandair","mvp","did:plc:qsso3aixn7gug6her5uu3e5o"
"Alex Chrostowski","azure","alexchro.info","","microsoft","did:plc:x5i72rctjofb5c5d4a6jhhsl"
"Alexander Holmeset","microsoft365","alexholmeset.bsky.social","alexholmeset","mvp","did:plc:usp2ucpw7bkhcozyk2vzpnt7"
"Alex Witkowski","dotnet","alexwitkowski.bsky.social","alex_witkowski","mvp","did:plc:uq4uenz6l5o4kaxwl5vnuw6b"
"Alistair Pugin","microsoft365","alistairpugin.bsky.social","alistairpugin","mvp","did:plc:jsxe5ixfd7jok7he63modsdg"
"Hailey Phillips | MVP","intune","allwayshype.com","allwayshype","mvp","did:plc:j25ig3ar6gigewdmk47fzwpd"
"Tobias Alm√©n ","intune","almenscorner.bsky.social","almenscorner?s=21","mvp","did:plc:l2oncfasp5pyqgizod2jm3ya"
"Alpesh Nakar",,"alpeshnakar.com","alpesh","None","did:plc:7xbcqswcuz6ihmyrc7jmtcwf"
"Alta Martes",,"altamartes.bsky.social","altaict","None","did:plc:qodmadhzlgyq3snphjyqhzxg"
"Alvin Ashcraft","dev","alvinashcraft.bsky.social","alvinashcraft","microsoft","did:plc:tdj5ie3dprhi242wsd7ykk7k"
"Amadeo Landero","modernwork","amadeolandero.bsky.social","amadeolandero","microsoft","did:plc:nw62otfu5xcpgbn4lnk4etno"
"Ami Diamond","microsoft365","amidiamond.bsky.social","ami_diamond","mvp","did:plc:hpgt64wkgi6yz6qxt23pvolk"
"Anders Kristiansen","security","anderskristiansen.bsky.social","","mvp","did:plc:yuuhh3yyeyzwzsoxlsep5j6h"
"Anders Uhl","data","andersuhl.bsky.social","","microsoft","did:plc:vid3gf55zondhujmau6wxxzq"
"Andras Gaal","microsoft365","andras.gaal.eu","","microsoft","did:plc:dmkucn7erri4ypuxz2533ckl"
"Andres Bohren",,"andresbohren.bsky.social","andresbohren","None","did:plc:msosg57min33yi5q3q5btngt"
"Andres Gorzelany","microsoft365","andresgorzelany.bsky.social","andresgorzelany","mvp","did:plc:rm3sjzoalfsbjoystepa257m"
"Andrew Connell","microsoft365","andrewconnell.com","andrewconnell","mvp","did:plc:wqrd5dcowa6prnww4jcgyfbb"
"Andrew Johnson",,"andrewjnet.bsky.social","andrewjnet","None","did:plc:3mfptbrrxgifne72kzbqmwxt"
"Andrew Lock","dotnet","andrewlock.bsky.social","andrewlocknet","mvp","did:plc:v7z2lui3kjl2szfdzi5ilsqi"
"Andrew Taylor","intune","andrewstaylor.bsky.social","","mvp","did:plc:4weetj2jgbbwy4w6skoygrpm"
"Andr√© Melancia",,"andy.pt","andypt","None","did:plc:dptplopjwi64btl77dzryomz"
"Andy Huneycutt","microsoft365","andyhuneycutt.bsky.social","@andyhuneycutt","mvp","did:plc:fwgej2w73cvh3mm237s5z4mw"
"Andy Syrewicze","security","andysandwich.bsky.social","asyrewicze","mvp","did:plc:sv5rv52gms2fbkoijrts5c2b"
"Angelo Belchior","dotnet","angelobelchior.bsky.social","","mvp","did:plc:i64ikrv2yhrj6x5o7gwaucun"
"Aniruddha Anikhindi","azure","aniglasgow.bsky.social","","microsoft","did:plc:7555nn6w3migqe5i7skwtqap"
"Anthony Chu","azure","anthonychu.ca","nthonychu","microsoft","did:plc:dunwsebpbcxgvkmtwc4nakt6"
"April Dunnam","businessapps","aprildunnam.bsky.social","aprildunnam","microsoft","did:plc:ff2kfhdzlqw4vznzz34j7wrc"
"Austen Puleston",,"apuleston.bsky.social","apuleston","None","did:plc:ypvewxdalevu5s2yh3cbmaob"
"Ardalis","dev","ardalis.com","ardalis","mvp","did:plc:3vo24c2exro34bgvkqcupbot"
"Ari√´n de Groot","windows","ariendg.adgict.nl","ariendg","None","did:plc:vdfbjk2pvs4kmy2gxtgfeztm"
"Arjen Furster",,"arjenfurster.bsky.social","arjenfurster","None","did:plc:snb6d3v2qelvs6d3zqe2hm5v"
"John Joyner","security","arkswo.bsky.social","john_joyner","mvp","did:plc:7y7z3brepqf3t5joehnjf5cr"
"ArtL","dev","art-l.bsky.social","artlms","microsoft","did:plc:gswvix3objxg4me37oookbmr"
"Toni Pohl","azure","atwork.bsky.social","@atwork","mvp","did:plc:itkyg6qsh32yqdbo37jx7xgn"
"Avalonia UI",,"avaloniaui.net","avaloniaui","None","did:plc:2q27iqrr2hlscur75ffysuoe"
"Marc-Andr√© Moreau",,"awakecoding.com","awakecoding","None","did:plc:cror7ofu623g3e6ajhg4arce"
"Alan Kinane","azure","azurealan.ie","azure_alan","mvp","did:plc:twzlei5q5vh6tb5ejsse747c"
"Luigi Pandolfino",,"azurelab.bsky.social","","None","did:plc:ecgnsfwu3kdz4womon35gfgt"
"Azure Weekly",,"azureweekly.endj.in","azureweekly","None","did:plc:qifcssw4ymmiekaemsqjisud"
"Fabian Bader","security","bader.cloud","fabian_bader","mvp","did:plc:wmmszkvbaszr22t7yveskqzf"
"Bailey Bercik","security","baileybercik.bsky.social","baileybercik","microsoft","did:plc:tl367ms42hnygvut2qd3hpyh"
"Michael Jolley","windows","baldbeardedbuilder.com","michaeljolley","microsoft","did:plc:znnwvvpvrmu2nttomhzb5c4n"
"Barret Blake","businessapps","barretblake.dev","barretblake","mvp","did:plc:wtsercul64odhwht7z5g54et"
"Jeremy Vyska | #MSDYN365BC MVP","businessapps","bc.jeremy.vyska.info","jeremyvyska","mvp","did:plc:3ujbn32bqqkgbfk62s27xvhx"
"Beau Cameron","microsoft365","beaucameron.com","","mvp","did:plc:tiuuxaloov3lnzp6qormhhd4"
"Stefan Beckmann",,"beckmann.tech","alphasteff","None","did:plc:7ih7w7dyoopuaqtjgp5oqnnb"
"Steve Turner","security","beingageek.com","beingageek","microsoft","did:plc:fehdysnhiwa7pr5yheizu46e"
"Davide Bellone","dotnet","bellonedavide.bsky.social","bellonedavide","mvp","did:plc:kml34b7juaqqecigiywcmkwa"
"Ben Thomas","azure","ben.hybridby.design","nz_benthomas","mvp","did:plc:gjd45izizsftjgc2qzlwimmq"
"Ben Curran","azure","bencurran.dev","bencurrandev","microsoft","did:plc:tmq7aiiziiftupda2rsbwp7m"
"Ben Sampica",,"bensampica.com","","None","did:plc:ha6ohfhmxe4rvmqxi6ngfghx"
"Ben Stegink","microsoft365","benstegink.bsky.social","benstegink","mvp","did:plc:cqyt27crybl3dgj6angxbwxz"
"Bernardo Rodrigues",,"bernardofsr.bsky.social","","None","did:plc:yb6vy4rb76svvffxgfqoxpya"
"Bernd",,"bernd.network","","None","did:plc:p4k4xirdlkinpmdx7adyongk"
"Hugo Bernier","microsoft365","bernierh.bsky.social","bernierh","mvp","did:plc:i3wsjzpo7sjlvpacnf6fbt3v"
"Betsy Weber",,"betsyweber.bsky.social","betsyweber","microsoft","did:plc:eieexlekd2kvzxichl5ctkmy"
"Shaun Lawrence","dotnet","bijington.bsky.social","bijington","mvp","did:plc:wazjrkak4b745ohwagshloau"
"Benjamin F.","intune","bjflamm-msft.bsky.social","@bjflamm","microsoft","did:plc:v5ou2gnvoj7laiffapapbwaw"
"Barry Dorrans","dotnet","blowdart.me","blowdart","microsoft","did:plc:hfgp6pj3akhqxntgqwramlbg"
"Bob German","microsoft365","bob1german.com","bob1german","microsoft","did:plc:gbwcrs6hle4dnhgtscxgpzpd"
"Bob Pusateri",,"bobp.bsky.social","sqlbob","None","did:plc:syzpdu4c5s7o4rm3gzvgpjff"
"Brenda Hidalgo",,"brendahidalgo.bsky.social","","None","did:plc:37qiyr7std22rgj3hw2rsu6s"
"Brendan Enrick",,"brendoneus.com","brendoneus","None","did:plc:2vpvmm6vskivot3b2nlloggf"
"Brian Baldock","microsoft365","brianbaldock.bsky.social","britheguy","microsoft","did:plc:kxjo5ghhbdpgwu2tgwxeilo7"
"Brian Timp",,"briantimp.bsky.social","briantimp","None","did:plc:yy6waemmecnidxfjwnh473tu"
"Brian T. Jackett","microsoft365","briantjackett.com","briantjackett","microsoft","did:plc:gdgu6mmka6lyuvvtvxfsop5j"
"Brian Veldman",,"brianveldman.bsky.social","","None","did:plc:vas4pwrmee5km6uxox4zht5q"
"Bruno Pinon",,"brunopinon.bsky.social","","None","did:plc:n4blbums56uiiz7tk5qj42be"
"Ben Schorr","microsoft365","bschorr.bsky.social","bschorr","microsoft","did:plc:gwp6j2luj75mdlqd7enhl6xw"
"Steve Buchanan","azure","buchatech.bsky.social","buchatech","microsoft","did:plc:olxz2uwh2tywglvskunwxog4"
"Torren Manson","microsoft365","bumpinthenet.bsky.social","bumpinthenet","mvp","did:plc:lrvbddlibrffl5hkroe3pnwd"
"Bradley Wyatt",,"bwya77.bsky.social","","mvp","did:plc:dfoijy7sesfyswxnvlumq5ow"
"Ben Whitmore","intune","byteben.bsky.social","byteben","mvp","did:plc:wanglrnewptpw4bhbktvahi5"
"Rudy Ooms | MVP","intune","call4cloud.nl","mistermdm","MVP","did:plc:2xpj4rj7haxq2qzrhq5pfgr7"
"Safia Abdalla","dev","captainsafia.bsky.social","captainsafia","microsoft","did:plc:3ww4zeqrea4pbyk3e7gfxaol"
"Cathrine Wilhelmsen","data","cathrinew.bsky.social","cathrinew","mvp","did:plc:xbw4ippkcrqleyh42eo57gsh"
"Christopher Gill","azure","cfgcloud.io","cgill","mvp","did:plc:pzqko7bb7jht5hlbre2j635t"
"Chris Goosen","microsoft365","cgoosen.com","chrisgoosen","mvp","did:plc:xyi6dtwsjdwa6fb4vkb4nbmc"
"Charbel Nemnom",,"charbelnemnom.com","charbelnemnom","None","did:plc:ar6vdm6a2q5u4p7733y3k3lu"
"Chet Husk","dotnet","chethusk.bsky.social","chethusk","microsoft","did:plc:yystnvgk46vhlfk4ovckvrdr"
"Chris Huff","security","chris-huff.com","","microsoft","did:plc:x5cbwodcauor4nu7iscpg4kv"
"Chris Sienkiewicz","dev","chris.sienkiewi.cz","chiser99","microsoft","did:plc:qdgvaz44myqcvi7fungk4rab"
"Christian Forjahn",,"chris4jahn.bsky.social","chris4jahn","None","did:plc:mn2c5flid2x3jnlry35pmhj5"
"Christophe Gigax ","azure","christophegigax.bsky.social","christophegigax?t=nofaygca75yijtuzlydmea&s=09","mvp","did:plc:kw3geaxn7lzgp3zz3edsfwnm"
"Travis Roberts","azure","ciraltos.bsky.social","ciraltos","mvp","did:plc:ggjpumu7mabb4z4ydc7vpwyo"
"CK","windows","ck.manof100hats.com","","microsoft","did:plc:rwqen4sorpv5g62e5ajy22cq"
"Nat Portillo","dotnet","claunia.com","tinkeringdaemon","microsoft","did:plc:mh7el4gfewiiykwy3q3skemj"
"Clemens Vasters","azure","clemens.vasters.com","clemensv","microsoft","did:plc:sthd2dnrddxe6icdqza2oryx"
"Dennis Johansson","security","clouddenka.bsky.social","clouddenka","None","did:plc:syus5u67kkozjhv7o5r74ely"
"Katy Nicholson","windows","coasterkaty.com","coaster_katy","mvp","did:plc:vhnkfsnunrt7egcdbiqe7m24"
"Bill Wilder","azure","codingoutloud.bsky.social","codingoutloud","mvp","did:plc:vaohwkmuqc3xwddl3vmta6gw"
"Calvin A. allen","dotnet","codingwithcalvin.net","","mvp","did:plc:yiylgo2hvnu6smycy6gchf2o"
"Cole Pascua",,"coleefy.bsky.social","coleefy","None","did:plc:xketftdi3erwnnpj2nahmgjk"
"ConfigMgrDogs","intune","configmgrdogs.bsky.social","configmgrdogs","microsoft","did:plc:iias7ig4uth2thz52wcqdgwd"
"Craig Camacho (The Deployment Guy)","windows","craigcamacho.bsky.social","","microsoft","did:plc:ggdk3mds6hvgghb7uevpfntw"
"Craig Wilson","security","craigwilson.bsky.social","craigwilsonoz","microsoft","did:plc:jp3wzgjfy4bxv6mnphgcain2"
"CJ",,"crh.bsky.social","n805dn","None","did:plc:pvgid5nlpgk7gftmwwmjfdng"
"Cris Weber",,"crisweber2600.bsky.social","","None","did:plc:svyhcjuoc2ivg6dtnldohfey"
"Heidi Neuhauser","businessapps","crmheidi.bsky.social","crmheidi","mvp","did:plc:smysitnjh336iu5xyzc5bhsw"
"crookedbong.bsky.social",,"crookedbong.bsky.social","crookedbong","None","did:plc:edwj5m4dvrufn3dmn4al7wg3"
"CSLA .NET",,"cslanet.bsky.social","cslanet","None","did:plc:plxsaybjxrxjj2ewmxi763gz"
"Mehmet Ergene","security","cyb3rmonk.bsky.social","cyb3rmonk","mvp","did:plc:u7teeylvl27zsg2drb6z5bzc"
"Dian Taylor","businessapps","d365goddess.bsky.social","d365goddess","mvp","did:plc:bjtiux2xhik7pmhi24agtes2"
"Peter Daalmans","intune","daalmans.com","pdaalmans","mvp","did:plc:4k5d7ytzf77y45b77imzuw3v"
"Daniel Kordes","microsoft365","dako365.bsky.social","dakordes","mvp","did:plc:p23jv4bmhkffjw6kf4wtmxvi"
"Damian Edwards","dotnet","damianedwards.com","damianedwards","microsoft","did:plc:tlaiqoqjss3nznnj4hjzqw7m"
"Damien Bowden","dotnet","damienbod.bsky.social","","mvp","did:plc:74evh6nlvnbawstd25fazmz4"
"Damian Brady","dev","damovisa.me","damovisa","microsoft","did:plc:km3dtornt2c2ca3w446fx6ns"
"Dan Toft","microsoft365","dan-toft.dk","tanddant","mvp","did:plc:unykt24f5bwtbptrmonkqgbc"
"Dana Epp","security","danaepp.bsky.social","danaepp","mvp","did:plc:ho4pccfwsr4mtbu7cnlj7ius"
"Dan Brinkmann",,"danbrinkmann.bsky.social","dbrinkmann","None","did:plc:mmrpw2vvwtl2ylwic4rfkved"
"Dan Clarke","dev","danclarke.com","dracan","mvp","did:plc:xv7ripmgdhtiovrweiyefu3d"
"Daniel Anderson","microsoft365","danielanderson.io","sharepointfocus","mvp","did:plc:5jysdkk4y2j65dhiip2dodvv"
"Daniel Bradley","security","danielbradley.bsky.social","danielatocn","mvp","did:plc:mnw5kgad32i2ylajujim3qju"
"Danielleha",,"danielleha.bsky.social","","None","did:plc:v3eyrofvj7neld7urvi4uefj"
"Daniel Marbach","azure","danielmarbach.bsky.social","danielmarbach","mvp","did:plc:egohz7i4ft5jjduvwosgu5tb"
"Daniel Roe","dev","danielroe.dev","danielcroe","mvp","did:plc:jbeaa5kdaladzwq3r7f5xgwe"
"Daniel Rubino",,"danielrubino.bsky.social","daniel_rubino","None","did:plc:l4qw57dsyvdjne5sxqbmq2aj"
"DanOslo4",,"danoslo4.bsky.social","","None","did:plc:qyjljhe2jbllc4dwkd5lgg66"
"Darach Nugent",,"darachn.bsky.social","d_arach","None","did:plc:xrwzyki7czwjz3wdc5ubfadb"
"Nikola Ilic","data","datamozart.bsky.social","datamozart","mvp","did:plc:h2iocko2edbew7s7ul6sytlp"
"Dave Chomas","intune","daveinma.bsky.social","davechomas","microsoft","did:plc:y3rn3hqff3des6qtn5zyxkpg"
"David O'Brien",,"daveobrien.bsky.social","david_obrien","None","did:plc:i6zmedqmzwhkkmjsao5ty4nr"
"David Gardiner","dev","david.gardiner.net.au","davidrgardiner","mvp","did:plc:gmdb2ngatfbh6be24zvkmpu6"
"David Wengier","dotnet","david.wengier.com","davidwengier","microsoft","did:plc:rf6ztntiq2xhfeyshuourzw6"
"David Anson","dev","davidanson.bsky.social","davidans","microsoft","did:plc:cr5zae356gjhnj5yiw6blcki"
"David Ebbo","dotnet","davidebbo.bsky.social","davidebbo","None (ex-MSFT)","did:plc:epqi4ceyanwskfwz4nnm3kwf"
"David Fowler","dotnet","davidfowl.com","davidfowl","microsoft","did:plc:d47qj4iye2tgorzu3os4ayss"
"David Pine","dotnet","davidpine.bsky.social","davidpine7","microsoft","did:plc:wfab4fse6rura2gijiu3wru4"
"David Whitney","dev","davidwhitney.bsky.social","david_whitney","mvp","did:plc:pvzf64m7jdijfrp2yr2sgzh6"
"David Whitney","dotnet","davidwhitney.co.uk","david_whitney","mvp","did:plc:pvzf64m7jdijfrp2yr2sgzh6"
"Dennis Doomen","dev","ddoomen.bsky.social","ddoomen","mvp","did:plc:25iypiijjfwrpnm4k5bcudyq"
"Allan De Castro","businessapps","decastroallan.bsky.social","decastroallan","mvp","did:plc:6lukriwpec7rpz4wlusmkhgm"
"Dennis Schoone",,"dennisschoone.bsky.social","","None","did:plc:a24gwxwlvixk6qxl7r7jmaog"
"Derek Cash-Peterson","microsoft365","derekcp.bsky.social","spdcp","mvp","did:plc:yytlejth7q4c4cbvasu5o7g4"
"Clayton Tyger","azure","devclate.bsky.social","clatent","mvp","did:plc:munmkmorl6d57hkragyydlyh"
"Devfender",,"devfender.bsky.social","","None","did:plc:hcazyispdexglxmqdkx7pywk"
"Mattias Karlsson","dotnet","devlead.se","devlead","mvp","did:plc:4mkgcy4uuj7gwvvb3sze3cpp"
"Dev Leader","dev","devleader.ca","devleaderca","microsoft","did:plc:uawh2h2422ptnitympfhiiht"
"Steven Thewissen","dotnet","devnl.bsky.social","devnl","mvp","did:plc:ry3lzp4xsm5dlbgxho3yntzh"
"Dean",,"dfowler.dev","dfowler_","None","did:plc:kjvttpe45vu3ncnwkw4hul65"
"Daniel Hutmacher","data","dhma.ch","dhmacher","mvp","did:plc:o7k2ggp57scudwy6ng34i7v2"
"Didier Danloy","security","didier3001.bsky.social","didierdanloy","microsoft","did:plc:raz5cnv5pgi763ove4lnnzdt"
"Dieter Gobeyn",,"dietergobeyn.bsky.social","dietergobeyn","None","did:plc:cm7i7rbprvjolo6zjzemewex"
"Diego Salgado",,"dirgosalga.bsky.social","","None","did:plc:mukkhzcndwdnbtax4i6nwzfs"
"Johnny Hooyberghs","dotnet","djohnnie.bsky.social","djohnnieke","mvp","did:plc:2o4pjljmajghpk6odle3cpwn"
"Peter √Ökerlund",,"djpakerlund.bsky.social","@djp_akerlund","None","did:plc:4q5rfjwg2mpjj5io5ud6opqo"
"Daniel K√•ven",,"dkaaven.bsky.social","","None","did:plc:jtpvkf6jdmd5pvg5jm4voxgu"
"Danny McDermott","azure","dmc-tech.bsky.social","_dmc_tech_","mvp","did:plc:zt4mkfscv6vehwao4tsmjbxo"
"Dave Stork","microsoft365","dmstork.bsky.social","dmstork","mvp","did:plc:rsbdwkdz2jyfqy53j5n4eq3y"
"Dennis Lind",,"dnsinit.bsky.social","dnsinit","None","did:plc:xk6y2d646i3cbwbimktrmm6r"
"Danis",,"dnsl9r.bsky.social","dan_flr","None","did:plc:ypetsi2x67pswbyzmth6lhad"
"Dody Gunawinata",,"dodyg.bsky.social","dodyg","None","did:plc:lrnveibw75dq6mf7ma2lsaya"
"Dominique Hermans",,"dominiquehermans.bsky.social","","None","did:plc:tg3pyhfuq6rgpjfv7qk7le76"
"Dom Kirby",,"domkirby.bsky.social","dom_kirby","None","did:plc:3vvvs4nmqx74c6vty367g6zs"
"Doron Holan","windows","doronh.bsky.social","doronholan","microsoft","did:plc:snbk3ab3x5ttwqjk6qkff64n"
"Drago Petrovic [MVP]","microsoft365","dotcloud.pro","_dragopetrovic","mvp","did:plc:gjx65cbhac2ybl5mtlwuq4uy"
"Jake Hildreth",,"dotdot.horse","dotdotdothorse","None","did:plc:dcsvtevdr3mrn3er7gbta5wm"
"Jesper Nielsen","windows","dotjesper.bsky.social","dotjesper","microsoft","did:plc:ptdv6cybao7qpwtnh3covu4z"
"Morten Nielsen","dotnet","dotmorten.bsky.social","dotmorten","mvp","did:plc:wrwcxzj6zl2t35w42ebrikij"
"David McCarter","dotnet","dotnetdave.bsky.social","realdotnetdave","mvp","did:plc:2a7ia2xzrmuvu2kkfdo6xku5"
"Dot Net North",,"dotnetnorth.bsky.social","dotnetnorth","None","did:plc:qob7jysjgoxjmre3ims5rzw3"
"Dr Nestori Syynimaa","security","drazuread.bsky.social","@drazuread","microsoft","did:plc:oogbgzn36y7l4dqti2n76a3t"
"Raffaele Colavecchi","microsoft365","dreamaker.it","","mvp","did:plc:tobdpbkihvtn7wkm4236tj4z"
"David Rivard","businessapps","drivard.bsky.social","david_rivard","mvp","did:plc:r5bihamix2j5zow6ymte66bg"
"Drago Petrovic [MVP]","microsoft365","drpe23.bsky.social","_dragopetrovic","mvp","did:plc:gjx65cbhac2ybl5mtlwuq4uy"
"Deep Shah",,"dshah.bsky.social","","None","did:plc:n27nzq3mjxfpw7ss2e53vi66"
"Duncan Mackenzie",,"duncanmackenzie.net","duncanma","None","did:plc:dgieuogsdx366uili53hqid2"
"Michael Durkan","azure","durkanm.bsky.social","durkanm","mvp","did:plc:lbsnlzc2rgg7knayiiwzxtid"
"Dennis Weber","security","dweber365.bsky.social","dweber365","mvp","did:plc:bymxfr6mj3g742qld6vpn3oy"
"James Pettigrove",,"dxpetti.com","dxpetti","None","did:plc:5aanlgbgenbnehwjfo6ii3r3"
"Dylan Beattie","dotnet","dylanbeattie.net","dylanbeattie","mvp","did:plc:tr4fmad7fpxeyaw26ky4esys"
"Joe Wright",,"echorelay.joe.tc","echorelay","None","did:plc:fezkdevpqiudofe2ynczve5n"
"Edine Olijve",,"edineolijve.bsky.social","","None","did:plc:npndt2pfqsnr63ve33avvrml"
"Emmanuel G. Brand√£o ","azure","egomesbrandao.bsky.social","","mvp","did:plc:egyqc5s62wvykf2e3obrojtd"
"Martin Ehrnst","azure","ehrnst.no","@ehrnst","mvp","did:plc:tpwat4x54qrui76k73cdarxg"
"Eldert Grootenboer","azure","eldert.net","egrootenboer","microsoft","did:plc:wbywzu6czun342wx3po23ylk"
"Elena Guzman Blanco","dotnet","elenadotnet.bsky.social","beelzenef_","mvp","did:plc:wuldjzi46kmskvadv65oz2yj"
"Florian Salzmann","intune","elflorian.ch","florianslz","mvp","did:plc:2vpeueulgk3izdh5uoyyv7li"
"Elio Struyf","microsoft365","eliostruyf.com","eliostruyf","mvp","did:plc:2s7bigqb4exnpcpx6slu4vvs"
"El Jefe De Security","security","eljefedsecurit.bsky.social","","microsoft","did:plc:lwkpklhx6pgm52ea4txm2nf2"
"Danny castro",,"eljibarito.bsky.social","","None","did:plc:jld5mefo4ykvy7z4ek772vac"
"Emma Gray",,"em-gray.bsky.social","em_gray2","microsoft","did:plc:dzwbi5er62t5ithvcof5rtof"
"Chris Endo",,"endos.au","","None","did:plc:cdmxulksx4llnhbsajspvofv"
"Micha√´l Hompus","dotnet","energy164.bsky.social","energy164","mvp","did:plc:ooktd4yhqmilhrrlazp5fmwr"
"Erica Toelle","microsoft365","ericatoelle.bsky.social","ericatoelle","microsoft","did:plc:awqkcefrfohiy7nij2rcofwr"
"Eric Lawrence","security","ericlaw.bsky.social","ericlaw","microsoft","did:plc:53ql7yabvtv6jjrhq7hcpot5"
"Erik Kleefeldt",,"erik365.bsky.social","erik365online","None","did:plc:qxwp2n4cknjagxexuiqimiyw"
"ErikEJ","dotnet","erikej.bsky.social","erikej","mvp","did:plc:tr5alzjmii6qnj7zmorx33yh"
"Erwin de Kreuk","data","erwindekreuk.bsky.social","erwindekreuk","mvp","did:plc:4sqa23a4kt6yphw65n32iynk"
"Erwin van Hunen","microsoft365","erwinmcm.com","","mvp","did:plc:iljkklhesqtbtpawv7yf64xw"
"Eyal Estrin",,"eyalestrin.bsky.social","eyalestrin","None","did:plc:jrfrxm7ahfafxt7nooovdmix"
"Fabian Williams","microsoft365","fabswill.bsky.social","fabianwilliams","microsoft","did:plc:ek7aqyjfemyu63756jqqnjmr"
"Federico Porceddu","microsoft365","federicoporceddu.bsky.social","federicospdev","mvp","did:plc:gajqgw75jrphmdzqsx6imwxg"
"Federico Porceddu","microsoft365","federicoporceddu.com","federicospdev","mvp","did:plc:gajqgw75jrphmdzqsx6imwxg"
"Fati Iseni","dotnet","fiseni.com","fiseni","mvp","did:plc:5yxcopdnp2lr23brexzp27jd"
"Carlos S√°nchez","dotnet","foofighter.bsky.social","foo_fighter","microsoft","did:plc:u6oezqzkhb5epe65ggeuhfqo"
"John Callaway","dev","fractionaldeveloper.com","matsubonsai","mvp","did:plc:ydpe2y7alehatuk4si7y55ym"
"Chrissy LeMaire","data","funbucket.dev","cl","mvp","did:plc:oqmead6vafy6py7otaam7whk"
"Arjen Furster (@furster.eu)",,"furster.eu","arjenfurster","None","did:plc:snb6d3v2qelvs6d3zqe2hm5v"
"Helge Rege G√•rdsvoll",,"gaardsvoll.com","helgerg","None","did:plc:tggw7cxetl4cxvomanj3qfty"
"Garry Trinder","microsoft365","garrytrinder.bsky.social","garrytrinder","microsoft","did:plc:4mufatyd27j6jq6lyjcrmug4"
"Gautam Sheth","microsoft365","gautamdsheth.bsky.social","gautamdsheth","mvp","did:plc:7qqghsbc4oosm57g5sirdrkm"
"Geert Baeke","ai","geertbaeke.bsky.social","","mvp","did:plc:nxej6isv6g23rqagcxvkos7c"
"George Walters","data","geowalters.bsky.social","geo_walters","microsoft","did:plc:sjrmbuqbccpk3g2jhwue2mmn"
"Charlie Gough","security","getofmeland.bsky.social","getofmeland","mvp","did:plc:xzkmqeh6zs3lp4kr226uwzkw"
"GetRubix","intune","getrubix.bsky.social","getrubix","mvp","did:plc:ssvrcgzfiv5tudpatpv3m7gd"
"Scott Hoag","azure","ghostcoat.bsky.social","ciphertxt","microsoft","did:plc:as6gwonle32mw4e2bnrfo4qn"
"Giovanni Bassi","dev","giggio.net","giovannibassi","mvp","did:plc:j4i2tyqx6r5nth36h3q5q77y"
"Giorgi Dalakishvili","dev","giorgi.dev","giodalakishvili","mvp","did:plc:dckepsddrqipaxrs4jaqkkrx"
"Jess (GirlGerms) Dodson","security","girlgerms.wtf","girlgerms","microsoft","did:plc:63ithjneqdbz3og44slfprmw"
"Glen Scales","dev","glenscales.bsky.social","glenscales","mvp","did:plc:4rzu5pgisrbcr3asrwgocvld"
"Levi Broderick","dotnet","grabyourpitchforks.bsky.social","levibroderick","microsoft","did:plc:jafz7adx57np6e5xbcb2beh3"
"Greg Nottage","intune","gregnottage.bsky.social","greg_nottage","microsoft","did:plc:kssl2l27xicn47hptconn2af"
"Dimitar Grozdanov","azure","grozdanovd.bsky.social","grozdanovd","mvp","did:plc:uv7utf6lnr267yiz7gw4lr42"
"Guido Zambarda","microsoft365","guidozam.bsky.social","iamguidozam","mvp","did:plc:ic36drvij3g5flmst46kyjcs"
"Gus Perez","dev","gusperez.com","","microsoft","did:plc:tlp64mwkrohsj2pak3szt53w"
"Guy Leech","powershell","guyrleech.bsky.social","guyrleech","mvp","did:plc:tzhrwvnocrxyntumxmomcehb"
"Haflidi Fridthjofsson","azure","haflidif.bsky.social","haflidif","microsoft","did:plc:uztnkug2g55htpy3jqlrzllc"
"Jan Hajek","azure","hajekj.net","hajekj","mvp","did:plc:d42xcenk5hfxrpxeumfdmn5d"
"Harm Veenstra","dev","harmveenstra.bsky.social","harmveenstra","mvp","did:plc:552wqjyuq5dnmc2izzgvudcs"
"Andreas Hartig","azure","hartiga.bsky.social","","mvp","did:plc:6fttcl2paw4u2z7wvzlin4p4"
"H√•vard √òver√•s",,"havard.bsky.social","havardoveras","None","did:plc:ioucututfefepyz5ejdrlj3d"
"Hawk Ticehurst","dev","hawkticehurst.com","","microsoft","did:plc:fxipo3ogt5nrxjddervd4hxa"
"Christian Ritter | MVP","powershell","hcritter.bsky.social","blackboxcoder","mvp","did:plc:dqpes6g4mscay4oynzumxfpi"
"Heather Cook","microsoft365","heddamaven.bsky.social","heddamaven","microsoft","did:plc:lg6ytbibx5djl3xbxqoufq7k"
"Helmer Zandbergen","microsoft365","helmer.msgeek.nl","helmernl","microsoft","did:plc:lwyclp4vagxqenrted3pgrgd"
"Henning Kilset","dotnet","henning.kilset.no","hkilset","microsoft","did:plc:5dksticfgc7zjbmbgfurlf6x"
"Pascal Berger","dev","hereispascal.bsky.social","hereispascal","mvp","did:plc:4fk2lkzcrahxdoy6rfa3vpot"
"Eduard Keilholz","azure","hexmaster.nl","","mvp","did:plc:z63p6imykexafomwpz7ubpp2"
"Hjalmar",,"hjalmar-blue.bsky.social","","None","did:plc:ysqopu6o7mufsb25ixo4ujps"
"H√•vard","azure","hlokensgard.bsky.social","","mvp","did:plc:kkqnmnywl27zgxxg7pasui7m"
"Hotzenwalder",,"hotzenwalder.bsky.social","hotzenwalder","None","did:plc:vovgfs5dmasrthnrvtqlousw"
"HubSite 365 - All about Microsoft 365 and Power Platform",,"hubsite365.bsky.social","hubsite365","None","did:plc:e2xw4wwjkseudlo4cl2tqshy"
"Pasi Huuhka","azure","huuhka.net","drbushytop","mvp","did:plc:pp4le25rzy6xqng7ob6psok5"
"Howard van Rooijen","azure","hvr.endj.in","howardvrooijen","mvp","did:plc:ugr3hbsnqejsp52vuc6mz2ck"
"Ian Moran",,"ianmoran.bsky.social","ianmoran","None","did:plc:7nuc43fgseduhkay6fxmnyso"
"Igor Abade","dev","igorabade.com.br","igorabade","mvp","did:plc:mbigfnx5uw3cjveadggsqu5d"
"Michele Sensalari","security","ilsensa7.bsky.social","ilsensa7","mvp","did:plc:elslugp4gn437oc2hathmjrm"
"Imran Rashid","azure","imranrashid.bsky.social","@itsupportblog","microsoft","did:plc:v4smvojefocysgrl5fbbathr"
"Truls","security","infernux.bsky.social","","mvp","did:plc:dksfs6ypiacdcn3wf4d5p6gw"
"Jo√´l Prins",,"intothecloud.bsky.social","0125joel","None","did:plc:42k4htomgkl67s2j5cnbhrom"
"IntuneStuff - Joery Van den Bosch - Microsoft MVP","intune","intunestuff.bsky.social","intunestuff","mvp","did:plc:tynyii2sayncj3y7pabnac7v"
"Scott Williams",,"ip1.bsky.social","ip1","None","did:plc:wxy444yjwm4bgen2c5j42vdl"
"Sandra Saluti",,"irean.delusional.nu","sandrasaluti","None","did:plc:xyu5b5rpxrkgh4hlxb6bfqye"
"David Aronchick",,"ironyuppie.com","aronchick","microsoft","did:plc:3abngzmgrntk35hlah5gjzs5"
"IAMRY",,"itguyry.com","theimmaturedad","None","did:plc:6jsuowbmh6rrwg3xk3phxg2x"
"Alex Powers","data","itsnotaboutthecell.bsky.social","notaboutthecell","microsoft","did:plc:qgxrhtavp4haeysnbcfsgbpd"
"Riccardo Corna","intune","itspecialist.cloud","","microsoft","did:plc:l6g2yhok4r4casy53nxibb6m"
"Iv√°n Moreno ",,"ivmore.bsky.social","ivmore","None","did:plc:sh2vacs7rk64lhkikktbcup4"
"Jaap",,"jaapk.bsky.social","","None","did:plc:jl6mh4trdjsv7jhkx3xnmftk"
"Jack Tracey","azure","jacktracey.co.uk","jack_ref","microsoft","did:plc:vgx6kfg52d736rqefyhkahqm"
"Abhijeet Jadhav","microsoft365","jadhavjeet.bsky.social","","mvp","did:plc:zorwqxpd5nakz63wdqsy6ewc"
"Jakob Schaefer",,"jakobschaefer.bsky.social","jak0b_s?s=21&t=p-paljhc8ny4cko6m35rgw","None","did:plc:tkoxop4bdj5bn7noc3ngyfum"
"James Eastham",,"jameseastham.co.uk","plantpowerjames","None","did:plc:g72vfmv6m2kyvikk4rrljktu"
"James Croft","azure","jamesmcroft.bsky.social","jamesmcroft","microsoft","did:plc:3lm2b5yfgjbf3qdewgqsxqn4"
"Jamie Maguire","ai","jamiemaguire.bsky.social","jamie_maguire1","mvp","did:plc:byf2selbvmbd2vxd3wgyupdb"
"Jan de Vries","azure","jan-v.nl","jan_de_v","microsoft","did:plc:a7fuln2dy7xlnnl74rved2i2"
"Jan De Dobbeleer","dev","jan.ohmyposh.dev","jandedobbeleer","mvp","did:plc:ttcvu32prgqg7hglyye6doys"
"Jan de Groot",,"jandg.bsky.social","","None","did:plc:6t3dhhuhorn3ie7a3viwmehw"
"Jan Ketil Skanke [MVP]","intune","jankeskanke.com","jankeskanke","mvp","did:plc:abkard6fhdsew5i4bqa3lxgs"
"Jan Vidar Elven","security","janvidarelven.bsky.social","janvidarelven","mvp","did:plc:s2fabivjnh7maq4qijscu6sr"
"Jared Holgate","azure","jared.holgate.dev","","microsoft","did:plc:zlkzfif5z3wfcatsub2raaf4"
"Jason Bock","dotnet","jasonbock.bsky.social","jasonbock","mvp","did:plc:hcq3w6fvco6oycpqh6i46zoo"
"Jason Rivera",,"jasonrivera.bsky.social","sharepointjr","None","did:plc:m6sexyhgd6opjcc42apopsip"
"Jason Lambert",,"jasonrl.bsky.social","jasonrlambert","None","did:plc:lxjy3ojtsb6cbdlfeuuja4tc"
"Jason Tenpenny","azure","jasontenpenny.com","_jasontenpenny","microsoft","did:plc:so3xt2f546bwafa3qhjzr3ph"
"Jasper Baes","security","jasperbaes.bsky.social","baesjasper","None","did:plc:6liioqrczk2fouxmcigth5dq"
"Javier Gualix",,"javiergualix.bsky.social","javiergualix","None","did:plc:ujtokfp5bhfpjhivsi2fy6pp"
"Jordan Borean",,"jborean.bsky.social","boreanjordan","None","did:plc:waaktpm6r63m5frsf7itvkjn"
"Jonathan Channon",,"jchannon.bsky.social","jchannon","None","did:plc:u7srefxzobuzhcy26a45rnyk"
"Jeff Hicks","dev","jdhitsolutions.com","jeffhicks","mvp","did:plc:ohgsqpfsbocaaxusxqlgfvd7"
"Jef Kazimer","security","jeftek.com","jeftek","microsoft","did:plc:livgppvr3srge4zdlp7ho6ft"
"Jen Gentleman","windows","jenmsft.bsky.social","jenmsft","microsoft","did:plc:g7nywl63frmuddq274whiwr6"
"Jens Lorenz im",,"jenslo.bsky.social","","None","did:plc:fbbptnghlvdwa2nfci3sgw5u"
"Jeramiah Dooley","dev","jeramiah.net","","microsoft","did:plc:du5dwrdtshlwedwjcqsmfy6x"
"Jeremy Moskowitz","windows","jeremymoskowitz.bsky.social","jeremymoskowitz","mvp","did:plc:xn4imoomndzqjr6cuxfyusle"
"Jeroen Burgerhout ",,"jeroen.burgerhout.org","burgerhoutj","mvp","did:plc:hbrt2gnnm7gwj66sdm7khpvn"
"Gerald Versluis","dotnet","jfversluis.dev","jfversluis","microsoft","did:plc:ch67finjvbh2hj4qi6hgs5kc"
"Joost Gelijsteen","security","mdmlab.nl","jgelijsteen","mvp","did:plc:l4apgym66befuiesio7hhcat"
"Johannes Kristjansson","intune","jgkps.bsky.social","jgkps","mvp","did:plc:mt2if6rcohf2hy4ap6ysdfqe"
"Stefan Johner","azure","jhnr.ch","johnerstefan","microsoft","did:plc:tjamgnyxywx65ixmhamxtmb2"
"Jignesh Chheda",,"jigneshchheda.bsky.social","","None","did:plc:wrvasndyywpzravo2g6ydn4v"
"Jerome Laban","dotnet","jlaban.bsky.social","jlaban","mvp","did:plc:7twgszkczifcdd4n57kgjxgi"
"Jack Lee","azure","jlee-consulting.bsky.social","jlee_consulting","mvp","did:plc:rtk4jqvn4jst5ngq75ddmatw"
"Jordi Adoumie","windows","joadoumie.bsky.social","joadoumie","microsoft","did:plc:5w74dukwpw4ih6wy7wgvhxub"
"Joanne C Klein üå∏","microsoft365","joannecklein.bsky.social","joannecklein","mvp","did:plc:mkaprimsfovbnkkqauxr2uyv"
"Jo√£o Ferreira","microsoft365","joao12ferreira.bsky.social","joao12ferreira","mvp","did:plc:mhvkvp2qhbi3aag35zxobeyt"
"Joe Gasper","microsoft365","joe.gasper.org","reactorjoe","mvp","did:plc:d4bwlgrxo3xf74wqpvfddv5z"
"Joe Mayo",,"joemayo.bsky.social","joemayo","None","did:plc:25t5atrycib2wbdj5cpcax4k"
"JohnACook",,"johnacook.bsky.social","johnacook","None","did:plc:slyqggfdtljpdnhipi2s4j6l"
"John Garland","azure","johngarland.bsky.social","dotnetgator","microsoft","did:plc:642z6psbmnxxss5ydvrjtttt"
"John Kilmister","azure","johnkilmister.bsky.social","johnkilmister","mvp","did:plc:zvsdlew6kuosibcvsltuv2jz"
"John Lokerse","azure","johnlokerse.dev","johnlokerse","mvp","did:plc:476yrzninay3kt44ae4tdkqn"
"John Moore","microsoft365","johnmoore.bsky.social","john_moore","mvp","did:plc:54enodgeu33fgqxkk4vpkkgc"
"Jonathan Bourke",,"jonathanbourke.bsky.social","jonathanbourke","None","did:plc:chup6jol3io453bs7xjxtnh5"
"Jon Hilton",,"jonhilton.net","jonhilt","None","did:plc:hsfj774alnwbwj4c6xj7qfko"
"Jon Jarvis","security","jonjarvis.bsky.social","jonjarvis","mvp","did:plc:srp2qyu2cn65outfruez2fof"
"Jon Sagara",,"jonsagara.com","","None","did:plc:zea7wubyosyb5wpclkhgwjtz"
"Joonas Westlin","azure","joonasw.net","joonaswestlin","mvp","did:plc:5un6t7hz6gr4bbtj7udh5s3z"
"Jorge Lopez","security","jorlop.bsky.social","jorgealopez","microsoft","did:plc:e5ab2oot6vq75sy6ilqfot5q"
"Jos Lieben",,"joslieben.bsky.social","joslieben","None","did:plc:4qhrjgs6hmg5ajze2sjcnc77"
"Jess Pomfret","data","jpomfret.bsky.social","jpomfret","mvp","did:plc:b4wi5dqywlknrgg7ofmczq2z"
"Jenn&Tonic",,"jtsveigdalen.bsky.social","jtsveigdalen","None","did:plc:rlo7o225kqh6fd3vvbfsvdcv"
"Juan A Rodr√≠guez",,"juanrodpfft.bsky.social","juanrodpfft","None","did:plc:yovc6cie6x2lrqmks5gsfb5w"
"Jukka Niiranen",,"jukkan.bsky.social","jukkan","None","did:plc:t7xv3tb3erl52soepkeqbjab"
"Julian Rasmussen","security","julianrasmussen.bsky.social","julianrasmussen","mvp","did:plc:x26mjqeygg437p66fvwrwzie"
"Julie Turner","microsoft365","julieturner.net","jfj1997","mvp","did:plc:w7vj5yiinqpiodjo5mhzntgr"
"Jurgen Allewijn","azure","jurgena.bsky.social","jurgenallewijn","mvp","did:plc:5f7r2vl2ytr23kdwpmfednip"
"Jussi Roine ‚Ä¢ Microsoft MVP","security","jussiroine.com","jussiroine","mvp","did:plc:skk6rn5mk2su5ydlxfanzp43"
"Justin Yoo","dotnet","justinchronicles.net","justinchronicle","microsoft","did:plc:lhxfm2jd3vtntgid2rlazssr"
"Rie Merritt","data","justrie.bsky.social","irishsql","microsoft","did:plc:p4nhukbruc6mq2iczoxkcnuz"
"Joey Verlinden","security","jvldn.bsky.social","jvldn1","mvp","did:plc:fo7dodovpulinxosy3vh6h6k"
"Kamil Baczyk Microsoft MVP","security","kamilbaczyk.bsky.social","kamilbaczyk","mvp","did:plc:7tm5nn5birhozvwq5oavpo7e"
"Karen Payne","dev","karenpaynemvp.bsky.social","karenpaynemvp","mvp","did:plc:m3u6j5nuwdhhckoeloowvklk"
"Karl Ranseier",,"karlranseier.bsky.social","karlranseier","None","did:plc:274pqxddhuqjbc4iurxlbebu"
"Karuana Gatimu (MSFT)","microsoft365","karuana.bsky.social","karuana","microsoft","did:plc:se5h5ok6dxoulhpbk3d5uhpb"
"Kasper Johansen",,"kasperjohansen.bsky.social","kaspermjohansen","None","did:plc:dl7z67krwqacu6eqhzonawjj"
"Kasper Larsen","microsoft365","kasperlarsen.bsky.social","","mvp","did:plc:mikwuzf2z7kjn3p4bhrsxwqe"
"Emanuele Bartolesi","dev","kasuken.bsky.social","kasuken","mvp","did:plc:sbnqfa4h4ubxq3glk6vxmgyt"
"Kay Sauter","data","kaysauter.bsky.social","kaysauter","mvp","did:plc:tib4xe6ikvg5uskorrhtfzcy"
"Keith Mattix","azure","keithmattix.bsky.social","","microsoft","did:plc:l5vohrotjzzycko5tw4yvukb"
"Keith Weaver",,"keithmweaver.com","keithmweaver","None","did:plc:g7x3jjb5h4bs2cuj4edf7pnx"
"Ken Bonny",,"kenbonny.net","bonny_ken","None","did:plc:tgmph6ktwreldgulzevs3mbn"
"Ken Dale",,"kendaleiv.com","kendaleiv","microsoft","did:plc:ybaryn7kplhkcf74ezfffmwb"
"Kenneth van Surksum","security","kennethvs.nl","kennethvs","mvp","did:plc:ig4vcvbphsbcjxyxpvw2xsfy"
"Kenny Lowe","azure","kenny.hybridby.design","kennylowe","mvp","did:plc:iyqocbw65rwbkmx7flvtr7vo"
"Kevin Chant","data","kevchant.bsky.social","kevchant","mvp","did:plc:3cytlhvneapuhsykuitmsrwo"
"Kevin Crossman","microsoft365","kevincrossman.bsky.social","kevincrossman","mvp","did:plc:czebzg4h73ckpg5ufpkkruo5"
"Kevin Gosse","dotnet","kevingosse.net","kookiz","mvp","did:plc:2lntbvb4qbb5q53kcctckd33"
"Kevin Harder",,"kevinharder.com","kevinharder","None","did:plc:2mhwqzglnszamjfe6uhnac72"
"Kevin McDonnell","microsoft365","kevmcdonk.bsky.social","kevmcdonk","mvp","did:plc:w4hbqjb3g7ozzk2p5s5hc3rz"
"Stu Mace","azure","kewalaka.nz","","mvp","did:plc:wvca2ouoqaiprny2hzpyrxvm"
"Daniel üçÅ","windows","kidjenius.bsky.social","kid_jenius","microsoft","did:plc:3ibj5lyghwtd44ykjizyordb"
"Kimmo Koski","businessapps","kimmokoski.dev","","mvp","did:plc:x4t6vksqdakfln2zybzjs7ac"
"Kim Oppalfens","intune","kimoppalfens.bsky.social","thewmiguy","mvp","did:plc:iebhndz4i3hlsczqgx4q5l2t"
"Kirill Osenkov","dev","kirillosenkov.bsky.social","kirillosenkov","microsoft","did:plc:2pzomphihuifolrf2w2ow67y"
"Sr. Cu√±ao",,"kjxcvldzfghhsdk.bsky.social","sr_cunao","None","did:plc:kmdk65y5z7f4nyagneubktxy"
"Antti K. Koskela","microsoft365","koskila.net","koskila","mvp","did:plc:g47pa6s53a6fnm3z6le3rbcr"
"Dinesh K",,"kraken85.bsky.social","","None","did:plc:q2t5pg4amovwkdnqxw5ngyte"
"Krystina","intune","krysonthe.net","","mvp","did:plc:siaqre6arbxumqs7gcgf4xov"
"kurtsh","microsoft365","kurtsh.bsky.social","kurtsh","microsoft","did:plc:jwa3orqocf3rbstky2xv2muf"
"Lawrence Frias",,"l-frias.bsky.social","lfrias","None","did:plc:tx35o2nqmyph5d4pjzzzn3ws"
"Martin Dimovski","azure","lacialec.bsky.social","lacialec","mvp","did:plc:yrbe6vopmiwfdjetlglf2nvn"
"Lance McCarthy","dotnet","lance.boston","l_ancem","mvp","did:plc:ozekxfdo5a4zwv2rm6u6so26"
"Lars Klint ","azure","larsklint.bsky.social","larsklint","mvp","did:plc:hgozxompa5dfevo45b5zoogy"
"Lars Schelvis",,"larsmannetje.bsky.social","","None","did:plc:3vyisgfoqq5n5e3j6xpyctzz"
"Daniel Laskewitz","businessapps","laskewitz.io","laskewitz","microsoft","did:plc:3jut4ujkjzpd2z26xpgqli6h"
"C.J. May",,"lawndoc.cjmay.info","lawndoc","None","did:plc:l6jy7pj76zcm2zzwccixw7zs"
"Layth CHEBBI",,"laythchebbi.bsky.social","laythchebbi","None","did:plc:nvbomtvicncmogcizageneu2"
"Layth CHEBBI",,"laythchebbi.com","laythchebbi","None","did:plc:nvbomtvicncmogcizageneu2"
"Rudy Mens","microsoft365","lazyadmin-nl.bsky.social","lazyadmin","mvp","did:plc:qbj6h2hoh33zcf24o5eciguh"
"Laurent Bugnion","azure","lbugnion.ch","lbugnion","microsoft","did:plc:c6vkti624wulinvr5lcmuyum"
"Stian A. Strysse",,"learningbydoing.cloud","stianstrysse","None","did:plc:xmpoyrutdwfqfwjqu2pr4zuj"
"Lee Ford","microsoft365","lee-ford.co.uk","lee_ford","mvp","did:plc:go4w2vwwodwvztuzgcoql2y6"
"David Lemson",,"lemson.com","x.com/davidlemson","None","did:plc:i4xpbyy4nclgq6wft2xfbwe6"
"Leonard Nelson",,"leo-nel.bsky.social","leonel","None","did:plc:5gvutw6fwrmg6qjbtiexk7k3"
"Leon Armston","microsoft365","leonarmston.com","leonarmston","mvp","did:plc:6gtewudqr7lnv4tbtfkodk3r"
"Lindsay T Shelton üè≥Ô∏è‚Äçüåàüñ§ü©∂üíú","businessapps","lindsaytshelton.bsky.social","lshelton_tech","mvp","did:plc:gh644qnwwcgom5bqdrjvxq6x"
"Carl Cookson","businessapps","linked365.blog","","mvp","did:plc:sdyj2suqafj657evvnuf72gg"
"Business Director ","intune","liorbela.bsky.social","@belalior","microsoft","did:plc:gkn2kafbqp26kx72tpfg5kw2"
"Lyon Till",,"ljtill.bsky.social","ljtill","microsoft","did:plc:4gfdztw2nb54l5is3mys2xas"
"LocalJoost","dev","localjoost.bsky.social","localjoost","mvp","did:plc:tavvboyvjpy7a35nn4dudyt4"
"Luciano Mammino","dev","loige.co","loige","mvp","did:plc:567st5nby2tokcv2kyy5ofzh"
"longpa.bsky.social",,"longpa.bsky.social","","None","did:plc:zniikhghx3nnek5eg6spshbi"
"Loris Ambrozzo",,"lorisambrozzo.bsky.social","lorisambrozzo","None","did:plc:vgm4yw2cm72dz5paoxnchn3b"
"Loryan Strant","microsoft365","loryanstrant.com","loryanstrant","mvp","did:plc:6lhqe3cyrdtlcdsdhnfxddjy"
"Marko Loukkaanhuhta",,"loukkis.bsky.social","drentraid","None","did:plc:fiydfisoj6mjl6u7hj7nsy7o"
"Luise Freese","microsoft365","luisefreese.bsky.social","luisefreese","mvp","did:plc:c4zuinv4gfs5kobrnbvtlfoe"
"Lukas Beran","security","lukasberan.com","lukasberancz","microsoft","did:plc:azedaxsia6qlymzwsqodkigs"
"Luke Murray","azure","luke.geek.nz","lukemurraynz","mvp","did:plc:znu2z66jdvjfz4sh5wcp2tq6"
"Mohamed AbuMuslim (ÿ£ÿ®ŸàŸÖŸèÿ≥ŸíŸÑŸêŸÖ)","security","m19o.bsky.social","m19o__","microsoft","did:plc:ihibfooocmma3yb42xsu4kqo"
"Andrew O‚ÄôYoung","microsoft365","m365senpai.com","andrewoyoung","mvp","did:plc:6xpeuzfgmxvfng5blyo27hcg"
"Maarten Eekels","ai","maarten.eekels.net","maarteneekels","mvp","did:plc:kjsl33hjq2dzooz6m6v45cj4"
"Rutger Truyers","security","maasdal.com","","microsoft","did:plc:oxa3utdgqy5uk3ca3iqowtvs"
"Martina Grom","microsoft365","magrom.bsky.social","@magrom","mvp","did:plc:l4lq74rf7hflh7obtjmwlqzt"
"Maik van der Gaag","azure","maikvandergaag.bsky.social","maikvandergaag","mvp","did:plc:6wnhveck7twshql6zne6tgju"
"Maira Wenzel","dotnet","mairaw.bsky.social","mairacw","microsoft","did:plc:rd54zh23ou2nysgznsmzqz2f"
"Daniel Weise",,"makonis.bsky.social","","None","did:plc:3liifuzes3pie7abbrg6qelx"
"Jeroen Ebus",,"manage-the.cloud","jeroenebus","None","did:plc:kxexfzmw6cuofleslan4fl3x"
"Maximilian Stein","security","manaiakalani.bsky.social","@manaiakalani","microsoft","did:plc:kurxpumma6piictgpr424wcj"
"Manel Rodero",,"manelrodero.bsky.social","manelrodero","None","did:plc:kyzktzamkmfpaodjys3oiwim"
"Manuel Berrueta","security","manuelberrueta.bsky.social","manuelberrueta","microsoft","did:plc:dm3bkqdcrq6bjy4f5dbrerxh"
"Marcel Ferreira","businessapps","marcelbf.com","marcel_ferreira","microsoft","did:plc:6hcahvvrwbs2pxzyqoqcic4b"
"Marcin Siewnicki","microsoft365","marcinsiewnicki.bsky.social","marcinsiewnicki","mvp","did:plc:mqvnnqj4bwqip3lceaj2djpq"
"Marco Gerber","azure","marcogerber.bsky.social","rolebasedpotato","mvp","did:plc:v6pzxpyubju32m7iol5jj7fh"
"Marco Gerber","azure","marcogerber.ch","rolebasedpotato","mvp","did:plc:v6pzxpyubju32m7iol5jj7fh"
"Marco Heijkoop",,"marcoheijkoop.nl","marcoheijkoop","None","did:plc:jqeaiawvruv4bx4kqvn2spkc"
"Marco Minerva","dev","marcominerva.bsky.social","marcominerva","mvp","did:plc:ergjbqyyiijkvnkc2gywrbwf"
"Michael Mardahl","modernwork","mardahl.bsky.social","michael_mardahl","mvp","did:plc:4mf73mf65lhu63deqiuyhxfw"
"Mark Simos","security","markasimos.bsky.social","marksimos","microsoft","did:plc:aoywj7timjr4nmftok33iwh3"
"Mark Morowczynski","security","markmorow.com","markmorow","microsoft","did:plc:wtwi6qsnimx7eu2s7leb3gny"
"Mark Oliver",,"markoliver.website","micboliver","None","did:plc:vmuj6ipnu2u6osubainkbbro"
"Mark Oldham",,"markouk.bsky.social","","None","did:plc:2xucsgtaf5wuyqjmvrz36gme"
"Mark Russinovich","azure","markrussinovich.bsky.social","","microsoft","did:plc:baglxmt2hfmzfaddt7a2xj27"
"Mark Scholman","azure","markscholman.com","markscholman","mvp","did:plc:rsxdv6b2vwfk7vpumcwgghvf"
"Mark Tinderholt","azure","markti.bsky.social","marktinderholt","microsoft","did:plc:wlp2sbuhzjznbhqxc4mertq5"
"Markus Michalski",,"markusmichalski.bsky.social","markusmichalski","None","did:plc:g6qg26ssd7vez4w7klm4iujj"
"Mark Allan",,"markxa.com","markxa","None","did:plc:47f4tkbqxtqkrownz36ih26h"
"Martin Rublik",,"martin-rublik.bsky.social","martin_rublik","None","did:plc:5v7wgb6yr642lmnyrqtdsm2a"
"Martin Tuip","azure","martintuip.bsky.social","mtuip","microsoft","did:plc:ulioz5duhmnvu7ncdabmj4w6"
"Marvin Bangert","businessapps","marvinbangert.bsky.social","marvinbangert","mvp","did:plc:4okpfstota5dysrbyb7hiv7c"
"Mary Branscombe",,"marypcbuk.bsky.social","marypcbuk","None","did:plc:nejscld5zlavytijxz27qhvj"
"Matt Benninge",,"matbe.bsky.social","matbg","None","did:plc:csq6nggfpgw7jlwv5qqe6hzp"
"M√°t√© T√≥th","businessapps","matetoth.hu","","mvp","did:plc:jfopezllqjlk753ehec4ev6m"
"Mats Estensen ",,"matsest.mxe.no","matsest","None","did:plc:d7wibeayjn6otb7q5arjxnit"
"matt-ffffff","azure","matt-ffffff.bsky.social","matt-ffffff","microsoft","did:plc:633fhlzeq5dtlld5xp73hszr"
"Matthew Levy","security","mattchatt.bsky.social","mattchatt42","mvp","did:plc:lgog3uicapcu2ichso4hqw6o"
"Matt Krause","microsoft365","mattckrause.bsky.social","","microsoft","did:plc:77psfpbzk5pirpvv7uphdfw5"
"Matt Ferderer",,"mattf.im","mattferderer","None","did:plc:4cawcssatltl6cckcadjm7yg"
"Max Fritz","microsoft365","maxafritz.bsky.social","maxafritz","microsoft","did:plc:u74ul2poby4642jhja2upobp"
"Max Baldt","microsoft365","maxbaldt.bsky.social","maxbaldt","microsoft","did:plc:l6rrj2vq4iugxmwpjae2l74f"
"Martijn Brant","azure","mbr.bsky.social","martijnbrant","microsoft","did:plc:a3ezcafa7xqg52vob5coairv"
"mbg",,"mbrg0.bsky.social","mbrg0","None","did:plc:ooarmoll72ejbd6okfsegdk3"
"mcorrado82","intune","mcorrado82.bsky.social","mcorrado82","microsoft","did:plc:2gbyc6rfq7nndwy5ae3mdcmz"
"Michel de Rooij","microsoft365","mderooij.bsky.social","mderooij","mvp","did:plc:ym2gedhhll5ihj2ldqmdm7vn"
"MEM Summit",,"memsummit.bsky.social","memsummit","None","did:plc:knpbn3cp7yjijagkrcjsfetv"
"Merill Fernando","security","merill.net","merill","microsoft","did:plc:m3p5j3o66yghzlkbwnbgmcsi"
"Mert Yeter","ai","mertyeter.bsky.social","m3rtyeter","mvp","did:plc:kt4jqfcfi6m34544h32m3c33"
"Carlos Mestre del Pino","azure","mestredelpino.com","","microsoft","did:plc:jndtif5t4czar5ij5vmdepdd"
"G√©rald Barr√©","dev","meziantou.net","meziantou","mvp","did:plc:oqifaluojncgrgz4j25pq4r7"
"Majid Hajian ","azure","mhadaily.bsky.social","mhadaily","microsoft","did:plc:etn4y7dgetstnpz7tjqp6iav"
"Will Thompson","data","mi77.bsky.social","will_mi77","microsoft","did:plc:fqy6hpkpib3vtfkgwrdrsgs7"
"Michael Epping","security","michaelepping.com","_michaelepping","microsoft","did:plc:uz56v4rtsjchhukck3bmsmgh"
"michaeljonsson.bsky.social","azure","michaeljonsson.bsky.social","michael_jonsson","microsoft","did:plc:uile4fhdffc74ut7f3auriab"
"Michael Mukalian","microsoft365","michaelmukalian.bsky.social","","microsoft","did:plc:2lbwua7iyntdfkd3gqjfx3s7"
"Michel Laplane","businessapps","michellaplane.bsky.social","@michellaplane","mvp","did:plc:4b347dxmhq4wcmpxituaaqah"
"Michal Strehovsky","dotnet","migeel.sk","mstrehovsky","microsoft","did:plc:tayqagcx4l27e4fvvyfcr4rb"
"Miha Zupan","dotnet","mihubot.xyz","_mihazupan","microsoft","did:plc:oxtfok5j33h2sc7b7qfiowmr"
"Mikael Svenson","microsoft365","mikaelsvenson.bsky.social","mikaelsvenson","microsoft","did:plc:s366skdxvndpym2kljhk5we5"
"Mike F. Robbins","azure","mikefrobbins.com","mikefrobbins","microsoft","did:plc:wqg3xumuue3v5nyd7fokoon3"
"Mike Marable",,"mikemarable.bsky.social","@mike_marable","None","did:plc:6q5fouvis6g2hxqdvvfm5yd7"
"Mike Nelson","azure","mikenelson.bsky.social","mikenelsonio","mvp","did:plc:qe6cr2uho7gguuu544pvimgy"
"Michiel van Oudheusden","azure","mivano.bsky.social","mivano","mvp","did:plc:kgp3nz2yz2xwoo4azevkhg4s"
"Mark Ka$hman","microsoft365","mkashman.bsky.social","mkashman","microsoft","did:plc:qed27ts2bdxtn6jbmtbks77y"
"Mallory lawhorne","businessapps","mlaw91.bsky.social","mlaw91?s=21&t=p_jchqlpwvk31i494iwiyq","microsoft","did:plc:7sich77nbmas6kyzdbidrtt5"
"Marc Nahum","intune","mnahum.bsky.social","marciton","microsoft","did:plc:4nj7qdmnrqhtbr5cpxdqqzqi"
"Mobile Jon","security","mobilejon.bsky.social","m0bilej0n","mvp","did:plc:bd5yeki5mlvcn4nikkhg5dog"
"Maurice Daly","security","@mauricedaly.com","modaly_it","mvp","did:plc:hzpaaegs6euphrpwhn2wnatm"
"Darrell Webster","microsoft365","modernworkmentor.com","","mvp","did:plc:vcyl5fjrwpt457azneggnmah"
"Dominik Titl",,"morning4coffe.bsky.social","","None","did:plc:joeufnuzockkbx7bra3xyrlf"
"Morten Knudsen","security","mortenknudsen.net","knudsenmortendk","mvp","did:plc:4p3ooh7x25agubn567njegtp"
"Daniel Wessels","microsoft365","mosslive.bsky.social","","mvp","did:plc:rgnouoigkookozf4trqdmjhy"
"Peter Smulovics ","dotnet","mountgellert.bsky.social","mountgellert","mvp","did:plc:g2ooqbjnxuwatleytaxp5bk2"
"Matti Paukkonen","microsoft365","mpaukkon.bsky.social","mpaukkon","mvp","did:plc:ifkrlyqis2dqmq322ndwzlkz"
"Thorsten Lambrecht",,"mr-fly.bsky.social","mrfly72","None","did:plc:c5hrehywzygruiqkl56ajjat"
"Christoph Twiehaus","microsoft365","mrredcap.bsky.social","chtwiehaus","mvp","did:plc:omcqlicjahosye3fs5kuspp3"
"Microsoft Cloud IT Pro Podcast",,"msclouditpro.bsky.social","msclouditpro","None","did:plc:bu2inrigvsewj5fbunudbqxg"
"Marco Siccardi",,"msicc.bsky.social","msicc","None","did:plc:c3ru6ezohdiuzgsiggsaofln"
"MSXFAQ (Frank Carius)","microsoft365","msxfaq.de","msxfaq","mvp","did:plc:xrq34humi5ngtkbqj6q6i55d"
"Natalie Karolak","businessapps","nataliekarolak.bsky.social","karolaknatalie","mvp","did:plc:phslfosk2mmfw7ldehqkhwpo"
"Nathan McNulty","security","nathanmcnulty.com","nathanmcnulty","","did:plc:lhxfm2jd3vtntgid2rlazssr"
"Nati Turtledove","businessapps","natiturts.bsky.social","natiturts","mvp","did:plc:fwhwqs22msgoqslhmahczxrw"
"Thomas Naunheim","security","naunheim.cloud","thomas_live","mvp","did:plc:52ejyrd52x6jzqku6bukfzkv"
"Ned Bellavance ","azure","nedinthecloud.com","ned1313","mvp","did:plc:kjifpftromdjuh2xj25ngouw"
"Liudmilva Molkova","dev","neskazu.bsky.social","ne_skazu","microsoft","did:plc:wct4kpdyvt5ngwowtcen5muk"
"Raymond Comvalius","security","nextxpert.bsky.social","nextxpert","mvp","did:plc:qreav2iahs7krtwdakik5cjm"
"Nick Gerakines","dev","ngerakines.me","ngerakines","microsoft","did:plc:cbkjy5n7bk3ax2wplmtjofq2"
"Nicola Ferrini","intune","nicferr.bsky.social","nicolaferrini","mvp","did:plc:fydtpzgau3vvyhqkd2xu7woc"
"Nick Craver","azure","nickcraver.com","nick_craver","microsoft","did:plc:lerfxmgdj2st7bfh5wlnovof"
"Nicklas Ahlberg","intune","nicklasahlberg.bsky.social","ahlbergnicklas","mvp","did:plc:2ao2ufq62j275peqf3lbpmvv"
"Nickolaj Andersen","security","nickolaja.bsky.social","nickolaja","mvp","did:plc:odaq4b2mgyuxo5buk65t2423"
"Nico De Cleyre","microsoft365","nicodecleyre.bsky.social","nicodecleyre","mvp","did:plc:tnbk65qffr5vogispebdrtxy"
"Nicolas Blank","microsoft365","nicolasblank.bsky.social","nicolasblank","mvp","did:plc:s3ky6goskgzl3x7aohf7upfn"
"Nico Vermeir","dev","nicovermeir.bsky.social","nicovermeir","mvp","did:plc:ajqvic7xwmnrblino4nkuh6k"
"Michael Niehaus",,"niehaus.bsky.social","mniehaus","None","did:plc:uwe6qbcbuumnz4kke33qqwi2"
"Niels Stubbe",,"nielsstubbe.bsky.social","","None","did:plc:tcpw4zkorujva2s4ucb3xn27"
"Niko Neugebauer","data","nikoneugebauer.bsky.social","nikoneugebauer","microsoft","did:plc:wmhknmusop55rdnkwspwv7y3"
"nmackay",,"nmackay.bsky.social","normanmackay3","None","did:plc:cqruib5277e2w63znjxf4yna"
"Sebastian Fl√¶ng Markdanner",,"noble-efficiency.bsky.social","ng_fl75742","None","did:plc:7mj7ydetiawb2je7ootfo4qh"
"Nikolaus Pohle",,"npohle.bsky.social","npohle","None","did:plc:wkxdpdtn3cgszvllyp2oqvgb"
"Nuno √Årias Silva","microsoft365","nunoariassilva.bsky.social","http://twitter.com/nunoariassilva","mvp","did:plc:a7uakv2xuqgxmvhldiom2bdd"
"James Cook","azure","officialcookj.bsky.social","officialcookj","mvp","did:plc:ccnnc4owynnfphptf52vjj7w"
"Olaf Hartong","microsoft365","olafhartong.nl","olafhartong","mvp","did:plc:3eyjo3ltqtfidsz45j5jauna"
"Ola Str√∂m","windows","olastrom.bsky.social","olastromcom","mvp","did:plc:xyyj4at3nrzxrbnyfnmgjgy4"
"Raj Mathur",,"oldwiseman.bsky.social","@rajeshmathur","None","did:plc:fgtm5oenj6iqs4flnew47xo2"
"Oliver Menzel ",,"ollim365.menzel.it","ollimenzel","None","did:plc:qz3jyaoiq54zdpudlx76yzl2"
"Jordan Olshevski","azure","olshevski.com","","microsoft","did:plc:t6nfdadwqn4lczukmj77dfss"
"Utkarsh Shigihalli",,"onlyutkarsh.bsky.social","","mvp","did:plc:7rw7tcvehvu2lze3s6npdxst"
"Tomasz Cielecki","dotnet","ostebaronen.dk","cheesebaron","mvp","did:plc:geohshmrof7772pr5rwtugp3"
"Larry Osterman","dev","osterman.bsky.social","osterman","microsoft","did:plc:tuwwxfwf5zscvbvcs25qt2is"
"Ottorino Bruni",,"ottorinobruni.bsky.social","ottorinobruni","None","did:plc:5nnzkvojjiufea7usa42eqzt"
"Frans Oudendorp","security","oudendorp.nl","oudendorp","mvp","did:plc:eh7hwdjf6f4q3gb4dkqhlp3m"
"Petra Thomas",,"p3traxy.bsky.social","","None","did:plc:lobpp2ky3en6iui2r55ni34s"
"Emanuel Palm","azure","palmemanuel.bsky.social","palmemanuel","mvp","did:plc:k6p5rezm2v4gfscenswry7c4"
"Luis Ramos",,"pandaluis.bsky.social","","None","did:plc:kgra3r7dwbmpdyourvztr35l"
"Paolo Pialorsi","microsoft365","paolopia.bsky.social","paolopia","mvp","did:plc:rjxcmdvu3hwtziiuejp55jyq"
"Parvez Ghumra","businessapps","parvezghumra.bsky.social","parvezghumra","mvp","did:plc:dgvgjht5d3m67rlqj37pccv4"
"Pathum Udana","security","pathumudana.bsky.social","pathum_udana","mvp","did:plc:nicodd4dkyx6jpbebdiyy3kh"
"Patrick Guimonet","microsoft365","patricg.bsky.social","patricg","mvp","did:plc:hzmlhsc45cl7bgd4zr4qdwui"
"Patrik Hellgren",,"patrikhellgren.bsky.social","patrikhellgren","None","did:plc:yqwf4baympkzpohdhmfuzlmr"
"Patrik Svensson","dotnet","patriksvensson.se","firstdrafthell","mvp","did:plc:jeb6iqvlq7fzgwt6jxus4zdf"
"Paul Beck",,"paulbeck1.bsky.social","paulbeck1","None","did:plc:htlkqmf27huugra7pdoulx7c"
"Paul Czywczynski",,"paulczy.bsky.social","paulczy","None","did:plc:pu2y2hekzajp3lpddxvtije2"
"Paulien Buskens","businessapps","paulienbuskens.bsky.social","paulien buskens","mvp","did:plc:kb6ghmgyalwn5w42fmzvnrsx"
"Paulo Morgado",,"paulomorgado.bsky.social","paulomorgado","None","did:plc:r6vslvpixsfle6z6npvvs4bo"
"Daniel Paulus","azure","paulustm.bsky.social","paulustm","mvp","did:plc:2m2z7a7weoa34ghrexpu5fdv"
"Pavan Mani Deep Y",,"pavanmanideep.bsky.social","ecellorscrm","None","did:plc:jw4drno4jyxcn4ysjpetreiq"
"Pieter de Bruin ",,"pdebruin.bsky.social","pieter_de_bruin","microsoft","did:plc:k252lurdbddlpsqn32s2tztn"
"Peter De Tender","azure","pdtit.bsky.social","pdtit","microsoft","did:plc:ot4mkwmfzfh3rmcsz7mta4fq"
"Per-Torben S√∏rensen",,"per-torben.bsky.social","","None","did:plc:6ha5cwyjyvsqodcq5karvm7x"
"Dylan Perks","dotnet","perksey.com","perksey","mvp","did:plc:cfsoqw6wefsthblpddedyhcx"
"Peter Klapwijk | In The Cloud 24-7","windows","peter.inthecloud247.com","inthecloud_247","mvp","did:plc:hl4vvwkfaixvpmfl4lb6ylpt"
"Peter Nylander",,"peternylander.bsky.social","peternylander","None","did:plc:nlvzjmdlotmluf7a6usglgnk"
"Peter Schmidt","microsoft365","peterschmidt.me","petsch","mvp","did:plc:fgu4uqce5ojngrvvrvfayia7"
"Petri Paavola - MVP","intune","petripaavola.bsky.social","petripaavola","mvp","did:plc:j3z4xc35blc4y6kcic45wuyd"
"PetterTech","azure","pettertech.bsky.social","","mvp","did:plc:4radpmbrvqprukyfhql5dywd"
"Philipp Kohn | The Cloud Copilot",,"philippkohn.bsky.social","@philipp_kohn","None","did:plc:w6r6xeqqx3w3ybc2nkb3kmbg"
"Pierre Thoor","security","pierrethoor.bsky.social","pierrethoor","mvp","did:plc:2dioavofo6cjq6zwquovfxkd"
"Kevin Pilch","data","pilchie.dev","pilchie","microsoft","did:plc:oqzykgzwjqbsc464v4oqszgv"
"pixelpanda",,"pixelpanda.io","","None","did:plc:kv6d2qytzopriy63zuey4lgu"
"John Marcum","windows","pjmarcum.bsky.social","mem_mvp","mvp","did:plc:ronbllm7dyxbs4k45bwd3ljc"
"Paul Bullock","microsoft365","pkbullock.bsky.social","@pkbullock","mvp","did:plc:jqxgezpjtwn6xp67dihvifes"
"Yannick Plavonil",,"playan.bsky.social","yplavonil","mvp","did:plc:vguuf4ocwqzyvt3rfeefopla"
"Michael Plettner","microsoft365","plemich.bsky.social","plemich","mvp","did:plc:nebmw5jddeboex6zcjrq2zu2"
"Chris Kent","microsoft365","pnp.horse","thechriskent","mvp","did:plc:23ir7dbboyvefok5rpv4kgv4"
"Power BI Weekly",,"powerbiweekly.endj.in","powerbiweekly","None","did:plc:ej6lnninbm4przvok4tjiplq"
"Ben Reader","powershell","powers-hell.com","powers_hell","mvp","did:plc:vveuef2gjhg6lxd6fimfs4nn"
"Tomas Prokop","businessapps","prokoptomas.bsky.social","prokytom","mvp","did:plc:7nydahhw2uy4aobeqcqns3mo"
"Przemys≈Çaw K≈Çys","microsoft365","przemyslaw.evotec.xyz","przemyslawklys","mvp","did:plc:lnefdayxtxt4tk47ejcvccey"
"Pascal Plaga",,"psclplg.bsky.social","","None","did:plc:3zjw6dqbxvccvoccgv6gjpz5"
"Pratheep Sinnathurai","azure","psinnathurai.bsky.social","psinnathurai","mvp","did:plc:4tci4pamvtdfcuwhuzxbksim"
"Luca Del Puppo",,"puppo92.bsky.social","puppo92","mvp","did:plc:dxtvk2lz5or4mkpmfttxlxxf"
"Peter van der Woude","intune","pvanderwoude.bsky.social","pvanderwoude","mvp","did:plc:mvb3b5gu4ic3tovzs46abmh5"
"Philip Van de Vyver ",,"pvyver.bsky.social","pvyver","None","did:plc:gqvb4rfxss5ing4kzz2g2t4o"
"Matteo Pagani","microsoft365","qmatteoq.bsky.social","qmatteoq","microsoft","did:plc:yuqo6bp6ojl7edp4uw2vhnjc"
"Ragnar Heil, MVP","microsoft365","ragnarh.bsky.social","ragnarh","mvp","did:plc:hoelwvfdfj74dug4lpjkpcbf"
"Gary Raife","microsoft365","raife.com","garyraife","mvp","did:plc:v35b2wdaku7t4jyz3mtchtls"
"Rakhesh Sasidharan",,"rakhesh.com","rakheshster","None","did:plc:ty6xlsm3kcdb6hhtbl7kl6ls"
"Ralph Eckhard","microsoft365","ralpje.bsky.social","ralpje","mvp","did:plc:wfdjpfj6nbdug462mpgchqou"
"Randolph West","data","randolphwest.ca","","microsoft","did:plc:45mcgzfmal7abnovkw7rx7z4"
"Randy @UCStatus","microsoft365","randychapman.bsky.social","randychapman","mvp","did:plc:daeyjddv4latifxpz2szs2yx"
"Ravi Mohan",,"ravimohan.bsky.social","","None","did:plc:65s7k74qweh77f2qfco7uu3h"
"Ray Hwang",,"rayhwang.bsky.social","","None","did:plc:oanahif5xgsxaicoh7wa65gt"
"Reuben Bond","dotnet","rbn.bsky.social","reubenbond","microsoft","did:plc:pegptjhgbawzgtvvpywmguf5"
"RedFlag",,"redflagtech.bsky.social","redflag40744051","None","did:plc:j3jqwbrrnnvqb4n5wdxggqpx"
"Rick Claus","azure","regularitguy.com","rickstercdn","microsoft","did:plc:26l2qyo5ko4yziwzqisyb4f3"
"Ren√© Wasel","microsoft365","renewasel.bsky.social","renewasel","mvp","did:plc:fnlv4elpod4x3wzljriqgdgv"
"Reshmee Acukloo",,"reshmee.bsky.social","reshmeeauckloo","None","did:plc:zamyd4b7kcwzwu3zcnvumbyb"
"Reshmee Auckloo","microsoft365","reshmeeauckloo.com","reshmeeauckloo","mvp","did:plc:zamyd4b7kcwzwu3zcnvumbyb"
"David Neal","dev","reverentgeek.com","reverentgeek","mvp","did:plc:cnkavd3ikbgsapig6oms4v5r"
"Rex de Koning","azure","rexdekoning.bsky.social","rexdekoning","mvp","did:plc:2wxydkcx4ner6k6k5ynf72yj"
"Renato Fajdiga | MVP","businessapps","rfajdiga.bsky.social","rfajdiga","mvp","did:plc:lw2sid7bxmf2ld53jfngtcfg"
"Rhoderick Milne","security","rhoderickmilne.bsky.social","rhoderickmilne","microsoft","did:plc:3bbpnjoojpc24vkcainxde3c"
"Richard Balsley","intune","richardbalsley.bsky.social","richardbalsley","microsoft","did:plc:gf6wfz5furnvziqrupeum6mn"
"Richard Hicks","security","richardhicks.com","richardhicks","mvp","did:plc:iex2nxfjajzba2dygm47vwlt"
"Rich Ross","azure","richross.dev","","microsoft","did:plc:bqihq5rmq5pv5mrbautgbdqp"
"Rich Ross","azure","richrossdev.bsky.social","","microsoft","did:plc:bqihq5rmq5pv5mrbautgbdqp"
"Rick van den Bosch","azure","rickvdbosch.bsky.social","rickvdbosch","microsoft","did:plc:chdbx3ja6ebix4gmxq3xgxyv"
"Dominique Righetto",,"righettod.bsky.social","righettod","None","did:plc:xsftdz6dbw2j2hij47wusxiv"
"Dan Rios","azure","rios.engineer","","mvp","did:plc:r5lyfzjttxjngj3ifcxidgbf"
"Rodrigo Miravalles",,"rmiravalles.bsky.social","","None","did:plc:e7g2losq7ehjkmc7prdul7fu"
"Robert Eriksson",,"roberik.bsky.social","robaxm","None","did:plc:uvw6ghncqe23lccwzhdv64r6"
"Rob Sewell He/Him","data","robsewell.bsky.social","","mvp","did:plc:esbc722g7bm4ly7b2mg7ba6m"
"Roberth Strand","azure","robstr.dev","","mvp","did:plc:6q2wimq75lsjcvnqxeab3rcu"
"Rockford Lhotka","dev","rocky.lhotka.net","rockylhotka","mvp","did:plc:d7kfxpnriig6pyi7c3pe6xw5"
"Rod Trent","security","rodtrent.bsky.social","rodtrent","microsoft","did:plc:slyb6dtlemv6ucoymlcufuan"
"Roelant Dieben","ai","roelant.info","@roelantdieben","mvp","did:plc:lg2hjf5aqgnvwg4dorjrivxd"
"Rogier Dijkman","dev","rogierdijkman.bsky.social","","mvp","did:plc:43fz32n25fl4f5rlvae3exlv"
"Ronni Pedersen","intune","ronnipedersen.bsky.social","ronnipedersen","mvp","did:plc:igy37lzy63icardta3uap43a"
"Rory Monaghan","intune","rorymon.com","rorymon","mvp","did:plc:i42algefjnjfxpznpxzn7cza"
"Rory Vossepoel",,"roryvossepoel.bsky.social","roryvossepoel","None","did:plc:ydap4g5vabm7ytz333nenrxi"
"Rob Relyea","dotnet","rrelyea.bsky.social","rrelyea","microsoft","did:plc:3i7xmfpbijbugactyvs4jlub"
"Marc Rufer","dev","rufer7.bsky.social","","mvp","did:plc:farfgp32cbgebhorh5lgmrmd"
"Ryan Lowell","azure","ryanlowellfl.bsky.social","","microsoft","did:plc:lqj6cq4gfjx73cw5jfagjdqa"
"Ryan Newington","security","ryannewington.com","ryanlnewington","mvp","did:plc:ywm3x5t2t6woxciaofzma2q3"
"Saber Karmous",,"saberone.dev","sdotone","None","did:plc:n5zdxzzelmg7g22ebweczura"
"Sam Erde","general","samerde.day3bits.com","samerde","","did:plc:n4yrsuupoqltkqscs5j6wa6i"
"Sami Lamppu","security","samilamppu.bsky.social","samilamppu","mvp","did:plc:r6nwjysemkv7cwm7oexlbkeq"
"Sam Kloos",,"samkloos.bsky.social","","None","did:plc:dx4jtydafs3fzficsyuwqtvt"
"Sam Rueby",,"samrueby.bsky.social","samrueby","None","did:plc:pe4anymmivig5g4gxjtwjdto"
"Sam Vanhoutte ","azure","samvanhoutte.bsky.social","samvanhoutte","mvp","did:plc:ufv6q4w56h3ukko6zr4qfgqy"
"Sandy Zeng","intune","sandyzeng.bsky.social","sandy_tsang","mvp","did:plc:xbj5qwl5vki46ghllo3xoeki"
"Santosh Yadav | GDE üÖ∞Ô∏è | GitHub ‚≠ê | MVP","dev","santoshyadavdev.bsky.social","santoshyadavdev","mvp","did:plc:7sagqfh4v4t6zl7bdwbikdc2"
"Sarah Young","security","sarahyo.com","_sarahyo","microsoft","did:plc:3g4boj6fp7p2qnhxlip7lgqo"
"Sascha Stumpler",,"sasstu.bsky.social","sasstu","None","did:plc:eo3xypqu7mvivcyl4frzck4m"
"John Savill","azure","savilltech.com","ntfaqguy","microsoft","did:plc:scq7triplehxa5kvlscbjgq6"
"Oli Newsham",,"scarylooking.bsky.social","","None","did:plc:shigx3k7txb6w7ozoaapxmtm"
"Jose Schenardie | MVP","intune","schenardie.bsky.social","schenardie","mvp","did:plc:k3vhszfpd33p66admmhp4i5g"
"Cristian Schmitt Nieto",,"schmitt-nieto.com","","None","did:plc:7gycz2pqrqnmwy7jm7nuomq3"
"Matt Schultz","microsoft365","schumatt.com","schumatt","microsoft","did:plc:6rpup3karq2ez4x3l4jjxud3"
"Scott Hanselman","dev","scott.hanselman.com","shanselman","microsoft","did:plc:hjx4vtoryubvqa4vy6xuliy7"
"Scott Durow","businessapps","scottdurow.bsky.social","scottdurow","microsoft","did:plc:ojkpqaf4b2grddzb5rplyrw7"
"Stefan Dingemanse","windows","sdingemanse.bsky.social","sdingemanse","mvp","did:plc:vhoaxwap6dnibge7igp7f7wb"
"Sean D Wheeler ","windows","sdwheeler.bsky.social","swsamwa","microsoft","did:plc:hh3ywvussfpmzvpkplksmyhk"
"Sean Bulger","intune","seanbulger.bsky.social","managed_blog","microsoft","did:plc:fhywj7oxql3kzi63lz47vn67"
"Sean Killeen","dotnet","seankilleen.com","sjkilleen","mvp","did:plc:ozet7mfwewusddc5nvv2k23p"
"S√©bastien Levert","ai","sebastienlevert.bsky.social","sebastienlevert","microsoft","did:plc:sswjk3m6nofdvbwbdonwcihq"
"seeknay",,"seeknay.com","seeknay","None","did:plc:jmmxz6ojqc32u4ycuo4xqo75"
"seick",,"seick.bsky.social","","None","did:plc:otdtpurzlasoaln53km3nu4v"
"Sara Fennah","microsoft365","sfennah.bsky.social","sfennah","mvp","did:plc:mwqrrhvkypx7sksjls76kqrk"
"Shaun Lawrie",,"shaunlawrie.com","shaun_lawrie","None","did:plc:f3n4qddslsxatj3c4r26dbw3"
"Sascha Herbst",,"sherbst.bsky.social","saschaherbst","None","did:plc:omsta5ouxhlplvnzze5bcbvp"
"David Shiflet","data","shiflet.net","shueybubbles","microsoft","did:plc:y5pszqcnnevxtcyhsimc647w"
"Simon Allison",,"simonallisonuk.bsky.social","simonallisonuk","None","did:plc:uqvvldpmmw5vziryik3lt4j7"
"Simon Doy","microsoft365","simondoy.bsky.social","simondoy","mvp","did:plc:zc4feukkrq7sbun6dy7mtvmg"
"Simon Gottschlag","azure","simong.bsky.social","","mvp","did:plc:7szzyms5dygajpkemoyd5hrt"
"Simon Holman",,"simonholman.bsky.social","simonholman","None","did:plc:oj26k6ql7tfe6mp57jitmvsp"
"simonjhudson","microsoft365","simonjhudson.bsky.social","simonjhudson","mvp","did:plc:q7o23uu64b4lu2nz2usyxc2h"
"simonpainter.bsky.social","dotnet","simonpainter.bsky.social","@madsimonj","mvp","did:plc:qv4vjnrnub72mp2qeda3qm2a"
"Simon Waight","azure","simonwaight.bsky.social","simonwaight","microsoft","did:plc:wxsl66qetzmfhrdvgerqbiv7"
"Jeremy Sinclair #‡∏∫NET","windows","sinclairinat0r.com","sinclairinat0r","mvp","did:plc:qkulxlxgznoyw4vdy7nu2mof"
"George Roberts",,"sirtwi.st","sirtwist","None","did:plc:7b6memckitfubsoj7pncnmez"
"James Robinson | MVP","intune","skiptotheendpoint.co.uk","skiptoendpoint","mvp","did:plc:qwjsq326qowfmzoz52r6uwbu"
"Sonia Cuff","azure","soniacuff.com","soniacuff","microsoft","did:plc:h7umuggqfvmgh6ydrulpiu44"
"Dachi Gogotchuri",,"soydachi.bsky.social","soydachi","None","did:plc:xrhybtn3ifehpdct4f2nmox4"
"Bill Ayers","microsoft365","spdoctor.bsky.social","spdoctor","mvp","did:plc:x33ezsuhroqi7scobjid5wtj"
"Nico Jacobs",,"sqlwaldorf.bsky.social","sqlwaldorf","None","did:plc:cihlq5xo3wt2jqxj2t6z7ugt"
"Sr. Cu√±ao",,"sr-cunao.bsky.social","sr_cunao","None","did:plc:kmdk65y5z7f4nyagneubktxy"
"Sander Rozemuller","intune","srozemuller.bsky.social","sanderozemuller","mvp","did:plc:jamouj6frjo3fhpll6xhp7qk"
"Simon Skotheimsvik","intune","sskotheimsvik.bsky.social","sskotheimsvik","mvp","did:plc:jsd42mucvn26b666i4g2yrjg"
"Srdjan Stevic",,"sstevic.bsky.social","sstevic84","None","did:plc:kwsglthuha2bkkqk2dqmh2lj"
"Stefan Stranger ","azure","sstranger.bsky.social","sstranger","microsoft","did:plc:lgkumzpuk3hcwnelyfpifzyh"
"Stacy Cashmore","azure","stacy-clouds.net","stacy_cash","mvp","did:plc:izoup72s54ql2mmgwj4f3sed"
"St√•le Hansen","microsoft365","stalehansen.coach","stalehansen","mvp","did:plc:sx5fg6jshlgk7o7agq46arih"
"Aaron Parker",,"stealthpuppy.bsky.social","stealthpuppy","None","did:plc:wqhshwcvpc7plgmnqbnw4v7d"
"Stefan Ivemo","azure","stefanivemo.bsky.social","","mvp","did:plc:7hqjr4qf56orynfmaawfwyop"
"Stefan Maron | #msdyn365bc MVP","businessapps","stefanmaron.bsky.social","stefanmaron","mvp","did:plc:5v7yvalvfj237uslteumghvd"
"Thomas Stensitzki","microsoft365","stensitzki.eu","","mvp","did:plc:74bru4qbu5fs24pqj64whhsw"
"Steve Fenton","dev","stevefenton.co.uk","","mvp","did:plc:aqrgi357dwvk42ubrggk73et"
"Steve Knutson","microsoft365","steveknutson.bsky.social","nztechtweet","mvp","did:plc:jmcagwfc3csaxumrbgtye7c4"
"Steven Giesel","dotnet","steven-giesel.com","","mvp","did:plc:psqb6t2axfd7ghloosl5bnw2"
"Steven Giesel","dotnet","steven-giesel.com","","mvp",
"Steven Lim",,"stevenlim.bsky.social","0x534c","None","did:plc:6ldydf4au7qmo7hpsuvctklf"
"Stefan Bauer","microsoft365","stfbauer.bsky.social","stfbauer","mvp","did:plc:sup4ckejixc34yyt2l2vzn4u"
"Sune Thomsen | MVP ‚òÅÔ∏èüßë‚Äçüíª‚òÅÔ∏è","intune","sunethomsendk.bsky.social","sunethomsendk","mvp","did:plc:awj2s5zut4urwjj7pxdirx4s"
"new blue sky user",,"supreme3010.bsky.social","supreme3010","None","did:plc:j5su4x227oin2jgnp6khd7fq"
"Sven Frank",,"svenfrank.bsky.social","sven_frank","None","did:plc:b662rhkja2zujhxq5ido4n2w"
"Sven Visser",,"svenv1.bsky.social","svenv__","None","did:plc:6ol7qz4jmrdp6sv352tucjg4"
"Sebastian Werner","intune","swerner.bsky.social","sebawern","microsoft","did:plc:eixwgcsnujcxwk2p634xauel"
"Marc D Anderson","microsoft365","sympmarc.com","sympmarc","mvp","did:plc:uk7qxv4ny6ubu47ks4ckcjjp"
"Taryn Pratt","azure","tarynpivots.bsky.social","tarynpivots","microsoft","did:plc:kfs2ciqbrooz64xzajjhbupv"
"Tatu Sepp√§l√§","security","tatu.seppala365.cloud","tatuseppala","mvp","did:plc:wdmet4y53odqri5lblgep4ec"
"TechbyJeff",,"techbyjeff.net","","None","did:plc:z7wbqa5v5hrzinzprtwj7psx"
"Alexandre N√©d√©lec",,"techwatching.bsky.social","techwatching","None","did:plc:5xpnnlfa4zojegnk6awazgbx"
"Tee Earls",,"teeearls.bsky.social","teeearls","microsoft","did:plc:ix53vqsyboky2ydr3kuj72pr"
"Eugene Teo","security","temasek.org","eugeneteo","microsoft","did:plc:vt4tso3d4an5j2g54men4uvn"
"Immo Landwerth","dotnet","terrajobst.net","terrajobst","microsoft","did:plc:dyidtvrczrdyracol7td4qtf"
"Terry Lynch","modernwork","terryjlynch.bsky.social","terryjlynch","microsoft","did:plc:vsevlcj67v4xp6xmio3sakww"
"Excel Cookbook",,"theexcelcookbook.bsky.social","excel_cookbook","None","did:plc:2mxtgq2wzevanyd5mhwcqhfo"
"Nick Randolph","dev","thenickrandolph.bsky.social","thenickrandolph","mvp","did:plc:mc2rsgu632tmfj44xgf5afgn"
"Donna Ryan","microsoft365","thenotoriousdrr.bsky.social","thenotoriousdrr","microsoft","did:plc:gf5rxtxcs2ehwwxc4qisj3ic"
"Cameron Presley","dev","thesoftwarementor.com","pcameronpresley","mvp","did:plc:kwe76brr3vbwvu4ifgz64nt4"
"Chris Blackburn",,"thetootall.bsky.social","","None","did:plc:4s4wo3evcitq7uelafwmlxyd"
"Thirdtier.net - Amy","microsoft365","thirdtier.bsky.social","thirdtier","mvp","did:plc:etblriouhrvhqmyeibcpbm4l"
"Thomas Vochten","microsoft365","thomasvochten.com","thomasvochten","mvp","did:plc:oioygylnlu4cek7jvnd5s2nm"
"Thomy Goelles","microsoft365","thomyg.bsky.social","thomyg","mvp","did:plc:bl33zi44lrxjzew4bzv3gsg2"
"Tiago Costa",,"tiagocosta.bsky.social","tiagocostapt","None","did:plc:3rbs2ol7robzxtqgs44ewnny"
"Tim Deschryver","dotnet","timdeschryver.dev","","mvp","did:plc:v7uubyblvslvage4cnlfcjip"
"TimDKBE","intune","timdkbe.bsky.social","timdk_be","mvp","did:plc:sorq26twz5olgqbkwprm2epg"
"Tim","dotnet","timheuer.com","timheuer","microsoft","did:plc:ap4vaag7mn25sooukg5uvi22"
"Tim Wappat",,"timwappat.info","timwappat","None","did:plc:3xg6klwk5tgabjjcjkclazuj"
"TitleOS",,"titleos.dev","xb1_hexdecimal","None","did:plc:rhxzb34vaz47vpnmfwf4skqz"
"Tim Mulholland","dev","tlmii.net","tlmii","microsoft","did:plc:wueb7lpzlwrgnkh4z6p77vmw"
"Tim Mitchell",,"tmitch.bsky.social","tim_mitchell","None","did:plc:ogxc6m7gs53sr3v3udkpo3gc"
"Tore Nestenius",,"tndata.bsky.social","tndata","None","did:plc:7rwzgsgcmah3zw6x4wn22lva"
"Tobias Fenster","azure","tobiasfenster.io","tobiasfenster","mvp","did:plc:e6dbkqufnaoml54hrimf4arc"
"Tom Aafloen",,"tomaafloen.bsky.social","tomaafloen","None","did:plc:yr23n5yi4445yvuf6vf3u3sf"
"Tom Canter","ai","tomcanter.bsky.social","tomcanter","microsoft","did:plc:uym4gwclfh44igyzozlyjljt"
"Tomomi Imura","microsoft365","tomomi.bsky.social","girlie_mac","microsoft","did:plc:orzzden7zivpkpwk5io7vwbh"
"Tam√°s Deme ‚Äòtomzorz‚Äô","windows","tomzorz.me","tomzorz_","mvp","did:plc:oggqzdzgsaesyi3aushvukzi"
"Tonya Bricco-Meske, Microsoft MVP","businessapps","tonyabm.bsky.social","tonyabm_","mvp","did:plc:mjsp3jvyrok2avr5wt6ocoyg"
"Tony Redmond","microsoft365","tonyredmond.bsky.social","12knocksinna","mvp","did:plc:jnojxkxptb32knzz2lhxatci"
"Remo Glanzmann",,"totaldigital.bsky.social","r_glanzmann","None","did:plc:spounagc2yqitm7ziav2jmpm"
"Thorsten Pickhan","microsoft365","tpickhan.bsky.social","tpickhan","mvp","did:plc:e5xvhlopaervuv5irgjpw43u"
"Tom Plant",,"tplant.com.au","pl4nty","None","did:plc:i2gbqk437noausnoo2k2yy7a"
"TrondR",,"trondr.bsky.social","trondar","None","did:plc:zkqm47xuxamxbm7iqx2sov5k"
"Troy Taylor","businessapps","troystaylor.com","troystaylor","mvp","did:plc:3jsoaslx5x5laivannl2mfjz"
"Dagi Yudovich","data","utterlydagi.bsky.social","utterlydougy","mvp","did:plc:k4gyxbrt6pnrdhu5gngabyd5"
"Kevin Jones","dotnet","vcsjones.dev","vcsjones","microsoft","did:plc:lhk2g5teiibjzxq3nglf2khk"
"Vesa Juvonen","microsoft365","vesajuvonen.bsky.social","vesajuvonen","microsoft","did:plc:3y3e6hrrefrv65t5ppb7k4xe"
"Vicky Harp",,"vickyharp.com","","microsoft","did:plc:qdaiwcm5ei573yss3xxg4nsg"
"Ville Gullstrand","data","villezekeviking.com","villezekeviking","mvp","did:plc:6p2uzyqlgsghjpzolt7gtr2a"
"Vinoth","ai","vinoth.bsky.social","vinothrajendran","mvp","did:plc:4tsmascxrr764hirfyiepfhi"
"Vivian Voss","businessapps","vivianvoss.dk","viviantiiman","mvp","did:plc:yjgfutdty2rc6rxta7s5homm"
"Vlad Catrinescu","powershell","vladtalkstech.com","vladcatrinescu","mvp","did:plc:k76fawoafapz5rigmort5g6d"
"Vincent Baaij","dotnet","vnbaaij.bsky.social","vnbaaij","microsoft","did:plc:nflxy2vpdfe5iauiiz2hk2j7"
"Vyom Dixit","security","vyomdixit.bsky.social","","microsoft","did:plc:2dey43l7ezqilt42oz36ng46"
"Waldek Mastykarz","microsoft365","waldek.bsky.social","waldekm","microsoft","did:plc:t3bmctdc2rutnfarqt2zipt6"
"Wassim Chegham ","azure","wassim.dev","manekinekko","microsoft","did:plc:yipytfjnxwiwym2dcieq4ub2"
"Joe Carlyle","azure","wedoazure.ie","wedoazure","mvp","did:plc:vu6trtmi2oxslyibxgfbio6w"
"Wictor Wil√©n","microsoft365","wictorwilen.se","wictor","microsoft","did:plc:pgznpthebhk3ociokmwkuqpv"
"Author, Instructor and Architect","dotnet","wildermuth.com","@shawnwildermuth","mvp","did:plc:dq5rs4l54xji564abn3xof66"
"Will Velida","azure","willvelida.com","willvelida","mvp","did:plc:73txti6k6uinmgiwnkypkfco"
"Waldek Mastykarz","microsoft365","wldk.nl","waldekm","microsoft","did:plc:t3bmctdc2rutnfarqt2zipt6"
"Phil Worrell",,"worrelpa.bsky.social","worrelpa","None","did:plc:ro2t2lqg52krmw46cphzabuj"
"Workplace Ninjas UK",,"wpninjas.uk","","None","did:plc:vn3ezknvxviclhcjr6fdnbze"
"Xavier Portilla Edo","ai","xavidop.bsky.social","xavidop","mvp","did:plc:6turao27s2f5cw2lsasz4jkq"
"Yannick Reekmans","businessapps","yannick.reekmans.be","yannickreekmans","mvp","did:plc:biodkc5hmrlqevxxrpyzjmcq"
"Alper Sarikaya","azure","yelper.bsky.social","yelperalp","microsoft","did:plc:6tbumb4nfwx4f6potzumyiq6"
"Cat Schneider","businessapps","yerawizardcat.bsky.social","yerawizardcat","mvp","did:plc:b2u7ss22xlzjxocc62is5mxs"
"Pat Phelan",,"yetanothersql.bsky.social","yetanothersql","None","did:plc:if6eg3qcl3s3kjlsi7tnxrw6"
"Graeme B","security","zealytechtips.com","graemece","microsoft","did:plc:xgkcenaw3nc5gocaaayqhs7j"
"Karel Zikmund","dotnet","zikicz.bsky.social","ziki_cz","microsoft","did:plc:5meyevgudclds47kszyadhnm"
"Tobias Zimmergren","azure","zimmergren.net","zimmergren","microsoft","did:plc:kf3c7yjq5hpywaw4tehveemo"
"Kat March√°n","dev","zkat.tech","","microsoft","did:plc:ujospssfohkwtnocit43op2r"
"zvensch","intune","zvensch.bsky.social","zvensch","microsoft","did:plc:lzyfg5dhlxwj3k5uzkpt4piy"
